protein	goTerm	proProNeighbor	goNeighbor	goAnnotatedProProNeighbors	score	label
FBgn0041781	GO:0034237	61	5	0	0.0	FP
FBgn0036763	GO:0034237	2	5	0	0.0	FN
FBgn0265317	GO:0003674	0	3150	0	0.0	FP
FBgn0026378	GO:0003674	68	3150	1	0.00031075201988812925	FN
FBgn0030439	GO:0007304	0	31	0	0.0	FP
FBgn0027572	GO:0007304	72	31	0	0.0	FN
FBgn0263266	GO:0008406	0	36	0	0.0	FP
FBgn0010355	GO:0008406	133	36	1	0.005917159763313609	FN
FBgn0029804	GO:0004181	5	21	0	0.0	FP
FBgn0000117	GO:0004181	409	21	1	0.002325581395348837	FN
FBgn0051217	GO:0006508	7	498	0	0.0	FP
FBgn0026417	GO:0006508	27	498	0	0.0	FN
FBgn0016031	GO:0004620	5	8	0	0.0	FP
FBgn0000250	GO:0004620	135	8	0	0.0	FN
FBgn0026199	GO:0050803	9	22	0	0.0	FP
FBgn0038638	GO:0050803	2	22	0	0.0	FN
FBgn0265011	GO:0008236	26	26	0	0.0	FP
FBgn0038197	GO:0008236	192	26	0	0.0	FN
FBgn0003731	GO:0001654	637	21	5	0.007598784194528876	FP
FBgn0263289	GO:0001654	53	21	2	0.02702702702702703	TN
FBgn0025807	GO:0030896	35	3	2	0.05263157894736842	FP
FBgn0051155	GO:0030896	53	3	0	0.0	FN
FBgn0036970	GO:0005615	2	685	0	0.0	FP
FBgn0016684	GO:0005615	58	685	0	0.0	FN
FBgn0260761	GO:0008150	1	1771	0	0.0	FP
FBgn0026376	GO:0008150	26	1771	0	0.0	FN
FBgn0039300	GO:0003723	68	486	4	0.007220216606498195	FP
FBgn0038350	GO:0003723	0	486	0	0.0	FN
FBgn0033375	GO:0000049	43	36	1	0.012658227848101266	FP
FBgn0025680	GO:0000049	26	36	0	0.0	FN
FBgn0015721	GO:0005634	64	2250	24	0.010371650821089023	FP
FBgn0004583	GO:0005634	21	2250	8	0.0035226772346983706	FN
FBgn0003360	GO:0005743	219	97	16	0.05063291139240506	FP
FBgn0002973	GO:0005743	63	97	0	0.0	FN
FBgn0036289	GO:0008150	15	1771	0	0.0	FP
FBgn0031144	GO:0008150	2	1771	0	0.0	FN
FBgn0086712	GO:0005615	6	685	0	0.0	FP
FBgn0069298	GO:0005615	0	685	0	0.0	FN
FBgn0285937	GO:0005794	56	240	6	0.02027027027027027	FP
FBgn0262576	GO:0005794	0	240	0	0.0	FN
FBgn0036449	GO:0006642	54	5	0	0.0	FP
FBgn0013733	GO:0006642	127	5	0	0.0	FN
FBgn0053443	GO:0006412	0	558	0	0.0	FP
FBgn0266047	GO:0006412	0	558	0	0.0	FN
FBgn0052255	GO:0008527	0	57	0	0.0	FP
FBgn0053819	GO:0008527	0	57	0	0.0	FN
FBgn0029114	GO:0007165	7	199	0	0.0	FP
FBgn0004647	GO:0007165	427	199	12	0.019169329073482427	TN
FBgn0015268	GO:0000723	196	23	0	0.0	FP
FBgn0039749	GO:0000723	5	23	0	0.0	FN
FBgn0005626	GO:0004511	39	1	0	0.0	FP
FBgn0003900	GO:0004511	14	1	0	0.0	FN
FBgn0021872	GO:0000981	49	415	1	0.0021551724137931034	FP
FBgn0030932	GO:0000981	14	415	0	0.0	FN
FBgn0029137	GO:0019706	34	24	0	0.0	FP
FBgn0004057	GO:0019706	12	24	0	0.0	FN
FBgn0046886	GO:0050909	0	68	0	0.0	FP
FBgn0027453	GO:0050909	16	68	0	0.0	FN
FBgn0053196	GO:0007424	28	94	0	0.0	FP
FBgn0035944	GO:0007424	13	94	0	0.0	FN
FBgn0289323	GO:0045666	0	11	0	0.0	FP
FBgn0035458	GO:0045666	0	11	0	0.0	FN
FBgn0053897	GO:0000786	0	124	0	0.0	FP
FBgn0263111	GO:0000786	109	124	0	0.0	FN
FBgn0052072	GO:0042811	201	5	2	0.009708737864077669	FP
FBgn0267001	GO:0042811	10	5	0	0.0	FN
FBgn0038571	GO:0006620	181	4	2	0.010810810810810811	FP
FBgn0034727	GO:0006620	15	4	0	0.0	FN
FBgn0028944	GO:0004222	1	55	0	0.0	FP
FBgn0033447	GO:0004222	19	55	0	0.0	FN
FBgn0086690	GO:0007098	68	36	6	0.057692307692307696	FP
FBgn0259108	GO:0007098	67	36	0	0.0	FN
FBgn0010105	GO:0007411	4	167	2	0.011695906432748537	FP
FBgn0035424	GO:0007411	164	167	0	0.0	FN
FBgn0051432	GO:0006412	0	558	0	0.0	FP
FBgn0283509	GO:0006412	6	558	0	0.0	FN
FBgn0034157	GO:0062129	2	134	0	0.0	FP
FBgn0260934	GO:0062129	249	134	0	0.0	FN
FBgn0041224	GO:0043025	1	150	0	0.0	FP
FBgn0039668	GO:0043025	7	150	0	0.0	FN
FBgn0264695	GO:0071689	186	6	3	0.015625	FP
FBgn0260222	GO:0071689	1	6	0	0.0	FN
FBgn0033651	GO:0005783	0	315	0	0.0	FP
FBgn0014011	GO:0005783	136	315	4	0.008869179600886918	FN
FBgn0004867	GO:0003735	130	290	23	0.05476190476190476	FP
FBgn0019932	GO:0003735	10	290	0	0.0	FN
FBgn0261930	GO:0030154	15	65	0	0.0	FP
FBgn0003205	GO:0030154	270	65	4	0.011940298507462687	TN
FBgn0261599	GO:0008270	78	516	11	0.018518518518518517	FP
FBgn0030318	GO:0008270	11	516	1	0.0018975332068311196	FN
FBgn0038659	GO:0005829	93	1082	8	0.006808510638297872	FP
FBgn0040505	GO:0005829	43	1082	9	0.008	FN
FBgn0000535	GO:0005249	5	16	1	0.047619047619047616	FP
FBgn0029798	GO:0005249	13	16	0	0.0	FN
FBgn0033815	GO:0006612	15	26	0	0.0	FP
FBgn0039140	GO:0006612	41	26	0	0.0	FN
FBgn0262455	GO:1903231	1	89	0	0.0	FP
FBgn0000022	GO:1903231	26	89	0	0.0	FN
FBgn0050022	GO:0050313	10	1	0	0.0	FP
FBgn0021814	GO:0050313	71	1	0	0.0	FN
FBgn0038371	GO:0042796	11	4	2	0.13333333333333333	TP
FBgn0000377	GO:0042796	191	4	0	0.0	FN
FBgn0259705	GO:0070072	2	8	0	0.0	FP
FBgn0052671	GO:0070072	0	8	0	0.0	FN
FBgn0261618	GO:0035186	121	17	1	0.007246376811594203	FP
FBgn0011225	GO:0035186	54	17	0	0.0	FN
FBgn0016675	GO:0005576	13	499	1	0.001953125	FP
FBgn0023094	GO:0005576	28	499	0	0.0	FN
FBgn0053144	GO:0000151	13	31	0	0.0	FP
FBgn0016917	GO:0000151	226	31	0	0.0	FN
FBgn0033453	GO:0051607	5	43	0	0.0	FP
FBgn0000635	GO:0051607	693	43	6	0.008152173913043478	FN
FBgn0030930	GO:0006493	13	33	0	0.0	FP
FBgn0011207	GO:0006493	46	33	0	0.0	FN
FBgn0039857	GO:0003735	167	290	56	0.12253829321663019	TP
FBgn0028789	GO:0003735	22	290	3	0.009615384615384616	FN
FBgn0030600	GO:0061630	24	148	1	0.005813953488372093	FP
FBgn0003751	GO:0061630	2	148	0	0.0	FN
FBgn0035785	GO:0032590	29	67	1	0.010416666666666666	FP
FBgn0039140	GO:0032590	41	67	0	0.0	FN
FBgn0037728	GO:0050220	251	2	0	0.0	FP
FBgn0010222	GO:0050220	18	2	0	0.0	FN
FBgn0039792	GO:0008150	3	1771	0	0.0	FP
FBgn0032195	GO:0008150	42	1771	0	0.0	FN
FBgn0035996	GO:0005634	1	2250	1	0.000444247001332741	FP
FBgn0030993	GO:0005634	221	2250	22	0.008903278025091057	FN
FBgn0031224	GO:0003676	25	369	10	0.025380710659898477	FP
FBgn0052451	GO:0003676	41	369	2	0.004878048780487805	FN
FBgn0266673	GO:0000145	117	9	5	0.03968253968253968	FP
FBgn0003444	GO:0000145	31	9	0	0.0	FN
FBgn0265778	GO:0007476	36	137	1	0.005780346820809248	FP
FBgn0036970	GO:0007476	2	137	0	0.0	FN
FBgn0029943	GO:0006914	98	56	8	0.05194805194805195	FP
FBgn0002939	GO:0006914	4	56	0	0.0	FN
FBgn0263111	GO:0048786	109	27	2	0.014705882352941176	FP
FBgn0264978	GO:0048786	64	27	1	0.01098901098901099	TN
FBgn0287775	GO:0003401	0	5	0	0.0	FP
FBgn0261381	GO:0003401	2	5	0	0.0	FN
FBgn0038638	GO:0016020	2	1524	0	0.0	FP
FBgn0053002	GO:0016020	10	1524	1	0.000651890482398957	FN
FBgn0003900	GO:0007499	14	3	0	0.0	FP
FBgn0010750	GO:0007499	123	3	0	0.0	FN
FBgn0024189	GO:0098631	98	2	0	0.0	FP
FBgn0034259	GO:0098631	371	2	0	0.0	FN
FBgn0036913	GO:0006511	36	136	1	0.005813953488372093	FP
FBgn0262477	GO:0006511	28	136	1	0.006097560975609756	FN
FBgn0285911	GO:0030897	7	9	1	0.0625	FP
FBgn0001986	GO:0030897	115	9	0	0.0	FN
FBgn0029006	GO:0030514	307	31	3	0.008875739644970414	FP
FBgn0086711	GO:0030514	25	31	0	0.0	FN
FBgn0016975	GO:1900242	15	6	0	0.0	FP
FBgn0263864	GO:1900242	20	6	0	0.0	FN
FBgn0036117	GO:0003824	164	204	8	0.021739130434782608	FP
FBgn0030286	GO:0003824	12	204	0	0.0	FN
FBgn0260869	GO:0008150	0	1771	0	0.0	FP
FBgn0039350	GO:0008150	31	1771	1	0.0005549389567147614	FN
FBgn0262679	GO:0005575	0	2646	0	0.0	FP
FBgn0260780	GO:0005575	62	2646	3	0.0011078286558345643	FN
FBgn0038198	GO:0032367	4	7	0	0.0	FP
FBgn0053838	GO:0032367	0	7	0	0.0	FN
FBgn0028734	GO:0007281	249	52	3	0.009966777408637873	FP
FBgn0040726	GO:0007281	4	52	0	0.0	FN
FBgn0052185	GO:0050830	5	50	0	0.0	FP
FBgn0053365	GO:0050830	0	50	0	0.0	FN
FBgn0260749	GO:0000791	36	59	1	0.010526315789473684	FP
FBgn0260869	GO:0000791	0	59	0	0.0	FN
FBgn0263111	GO:0005245	109	8	0	0.0	FP
FBgn0053912	GO:0005245	0	8	0	0.0	FN
FBgn0011207	GO:0005737	46	1863	11	0.005762179151388162	FP
FBgn0030141	GO:0005737	40	1863	9	0.004729374671571204	FN
FBgn0029905	GO:0043565	47	207	4	0.015748031496062992	FP
FBgn0044049	GO:0043565	2	207	0	0.0	FN
FBgn0028789	GO:0001700	22	48	0	0.0	FP
FBgn0289323	GO:0001700	0	48	0	0.0	FN
FBgn0016693	GO:0048052	98	3	0	0.0	FP
FBgn0062413	GO:0048052	11	3	0	0.0	FN
FBgn0284084	GO:0007616	16	75	1	0.01098901098901099	FP
FBgn0038952	GO:0007616	13	75	0	0.0	FN
FBgn0267430	GO:0005886	1	1052	0	0.0	FP
FBgn0262451	GO:0005886	10	1052	1	0.0009416195856873823	FN
FBgn0033378	GO:0071013	33	125	3	0.0189873417721519	FP
FBgn0004396	GO:0071013	93	125	7	0.03211009174311927	TN
FBgn0051698	GO:0005575	0	2646	0	0.0	FP
FBgn0263048	GO:0005575	4	2646	0	0.0	FN
FBgn0020278	GO:0000578	29	2	0	0.0	FP
FBgn0263594	GO:0000578	29	2	0	0.0	FN
FBgn0000117	GO:0045296	409	13	5	0.011848341232227487	FP
FBgn0002645	GO:0045296	211	13	1	0.004464285714285714	FN
FBgn0046878	GO:0005576	0	499	0	0.0	FP
FBgn0266573	GO:0005576	0	499	0	0.0	FN
FBgn0036921	GO:0016020	106	1524	4	0.00245398773006135	FP
FBgn0016693	GO:0016020	98	1524	24	0.014796547472256474	TN
FBgn0011591	GO:0001745	26	119	1	0.006896551724137931	FP
FBgn0261790	GO:0001745	51	119	0	0.0	FN
FBgn0015838	GO:0016318	21	31	4	0.07692307692307693	FP
FBgn0033774	GO:0016318	2	31	0	0.0	FN
FBgn0020309	GO:0030178	107	5	0	0.0	FP
FBgn0043593	GO:0030178	0	5	0	0.0	FN
FBgn0263112	GO:0043565	59	207	1	0.0037593984962406013	FP
FBgn0037980	GO:0043565	22	207	0	0.0	FN
FBgn0022333	GO:0005575	0	2646	0	0.0	FP
FBgn0041621	GO:0005575	0	2646	0	0.0	FN
FBgn0020509	GO:0005615	5	685	0	0.0	FP
FBgn0037218	GO:0005615	26	685	2	0.0028129395218002813	FN
FBgn0262739	GO:0035195	133	156	9	0.031141868512110725	FP
FBgn0030694	GO:0035195	12	156	0	0.0	FN
FBgn0039923	GO:0070847	15	11	3	0.11538461538461539	TP
FBgn0011760	GO:0070847	232	11	0	0.0	FN
FBgn0033766	GO:0044611	17	4	0	0.0	FP
FBgn0039019	GO:0044611	18	4	0	0.0	FN
FBgn0265268	GO:0004656	0	26	0	0.0	FP
FBgn0085382	GO:0004656	43	26	0	0.0	FN
FBgn0086253	GO:0012505	31	202	0	0.0	FP
FBgn0000253	GO:0012505	347	202	6	0.01092896174863388	TN
FBgn0005655	GO:0006275	322	5	2	0.0061162079510703364	FP
FBgn0028343	GO:0006275	10	5	0	0.0	FN
FBgn0031401	GO:0005515	70	958	10	0.009727626459143969	FP
FBgn0039923	GO:0005515	15	958	9	0.009249743062692703	FN
FBgn0037555	GO:0005515	199	958	39	0.033707865168539325	FP
FBgn0004864	GO:0005515	117	958	34	0.03162790697674418	TN
FBgn0011715	GO:0005515	214	958	58	0.04948805460750853	FP
FBgn0004898	GO:0005515	2	958	0	0.0	FN
FBgn0015925	GO:0008469	89	2	0	0.0	FP
FBgn0044096	GO:0008469	0	2	0	0.0	FN
FBgn0039466	GO:0005096	11	85	0	0.0	FP
FBgn0028692	GO:0005096	152	85	1	0.004219409282700422	FN
FBgn0033252	GO:0006357	68	615	8	0.01171303074670571	FP
FBgn0037240	GO:0006357	38	615	2	0.0030627871362940277	FN
FBgn0030347	GO:0016311	9	66	0	0.0	FP
FBgn0038282	GO:0016311	11	66	0	0.0	FN
FBgn0034110	GO:0035096	106	27	3	0.022556390977443608	FP
FBgn0000715	GO:0035096	3	27	0	0.0	FN
FBgn0027491	GO:0061575	7	7	0	0.0	FP
FBgn0036828	GO:0061575	116	7	0	0.0	FN
FBgn0260753	GO:0016020	0	1524	0	0.0	FP
FBgn0010379	GO:0016020	348	1524	28	0.014957264957264958	TN
FBgn0005536	GO:1904059	88	12	2	0.02	FP
FBgn0040319	GO:1904059	17	12	0	0.0	FN
FBgn0001259	GO:0060271	7	88	0	0.0	FP
FBgn0030802	GO:0060271	48	88	0	0.0	FN
FBgn0031106	GO:0016192	105	141	26	0.10569105691056911	TP
FBgn0038277	GO:0016192	173	141	0	0.0	FN
FBgn0000756	GO:0005575	0	2646	0	0.0	FP
FBgn0037000	GO:0005575	2	2646	0	0.0	FN
FBgn0003742	GO:0006397	51	31	1	0.012195121951219513	FP
FBgn0260761	GO:0006397	1	31	0	0.0	FN
FBgn0003865	GO:0030514	14	31	2	0.044444444444444446	FP
FBgn0086677	GO:0030514	3	31	0	0.0	FN
FBgn0250842	GO:0046008	4	9	0	0.0	FP
FBgn0015622	GO:0046008	176	9	0	0.0	FN
FBgn0034451	GO:0051010	16	12	0	0.0	FP
FBgn0263396	GO:0051010	137	12	0	0.0	FN
FBgn0266756	GO:0030866	6	33	1	0.02564102564102564	FP
FBgn0032258	GO:0030866	44	33	0	0.0	FN
FBgn0039463	GO:0005829	2	1082	0	0.0	FP
FBgn0024196	GO:0005829	89	1082	10	0.008539709649871904	FN
FBgn0034521	GO:0006487	2	26	0	0.0	FP
FBgn0053523	GO:0006487	102	26	0	0.0	FN
FBgn0000463	GO:0048863	50	7	2	0.03508771929824561	FP
FBgn0035481	GO:0048863	1	7	0	0.0	FN
FBgn0033705	GO:0008150	7	1771	0	0.0	FP
FBgn0050056	GO:0008150	0	1771	0	0.0	FN
FBgn0035754	GO:0016592	110	33	24	0.16783216783216784	TP
FBgn0004575	GO:0016592	25	33	0	0.0	FN
FBgn0000114	GO:0017148	43	44	5	0.05747126436781609	FP
FBgn0036844	GO:0017148	22	44	0	0.0	FN
FBgn0003062	GO:0031167	240	11	3	0.01195219123505976	FP
FBgn0025382	GO:0031167	14	11	0	0.0	FN
FBgn0003256	GO:0005524	381	643	64	0.0625	FP
FBgn0034318	GO:0005524	28	643	1	0.0014903129657228018	FN
FBgn0028717	GO:0070374	17	23	3	0.075	FP
FBgn0020509	GO:0070374	5	23	0	0.0	FN
FBgn0032981	GO:0006629	24	92	12	0.10344827586206896	TP
FBgn0034091	GO:0006629	48	92	0	0.0	FN
FBgn0038788	GO:0005737	56	1863	19	0.009900990099009901	FP
FBgn0032849	GO:0005737	9	1863	2	0.0010683760683760685	FN
FBgn0038474	GO:0032543	10	89	0	0.0	FP
FBgn0036126	GO:0032543	60	89	0	0.0	FN
FBgn0027287	GO:0038024	14	19	0	0.0	FP
FBgn0011762	GO:0038024	35	19	0	0.0	FN
FBgn0083228	GO:0008021	40	59	0	0.0	FP
FBgn0053348	GO:0008021	0	59	0	0.0	FN
FBgn0260934	GO:0004674	249	158	19	0.04668304668304668	FP
FBgn0001079	GO:0004674	71	158	6	0.026200873362445413	TN
FBgn0030683	GO:0016831	40	8	0	0.0	FP
FBgn0005633	GO:0016831	29	8	0	0.0	FN
FBgn0040028	GO:0015630	32	24	0	0.0	FP
FBgn0033429	GO:0015630	1	24	0	0.0	FN
FBgn0002645	GO:0000278	211	151	5	0.013812154696132596	FP
FBgn0000568	GO:0000278	8	151	1	0.006289308176100629	FN
FBgn0037963	GO:0005509	4	205	0	0.0	FP
FBgn0028550	GO:0005509	3	205	0	0.0	FN
FBgn0033447	GO:0034451	19	5	0	0.0	FP
FBgn0034938	GO:0034451	9	5	0	0.0	FN
FBgn0262477	GO:0003700	28	287	4	0.012698412698412698	FP
FBgn0036921	GO:0003700	106	287	1	0.002544529262086514	FN
FBgn0286898	GO:0070971	0	16	0	0.0	FP
FBgn0036734	GO:0070971	110	16	0	0.0	FN
FBgn0000166	GO:0008293	93	22	1	0.008695652173913044	FP
FBgn0267972	GO:0008293	35	22	0	0.0	FN
FBgn0026598	GO:0007420	33	44	1	0.012987012987012988	FP
FBgn0032117	GO:0007420	4	44	0	0.0	FN
FBgn0035691	GO:0005634	77	2250	36	0.015470562956596476	FP
FBgn0025615	GO:0005634	26	2250	5	0.0021968365553602814	FN
FBgn0266538	GO:0003674	0	3150	0	0.0	FP
FBgn0030683	GO:0003674	40	3150	1	0.00031347962382445143	FN
FBgn0266486	GO:0008150	0	1771	0	0.0	FP
FBgn0031773	GO:0008150	19	1771	0	0.0	FN
FBgn0051343	GO:0042277	26	23	2	0.04081632653061224	FP
FBgn0011648	GO:0042277	202	23	0	0.0	FN
FBgn0033341	GO:0140861	69	15	12	0.14285714285714285	TP
FBgn0000229	GO:0140861	201	15	0	0.0	FN
FBgn0037485	GO:0055085	2	388	0	0.0	FP
FBgn0003978	GO:0055085	62	388	0	0.0	FN
FBgn0003218	GO:0070300	0	5	0	0.0	FP
FBgn0033815	GO:0070300	15	5	0	0.0	FN
FBgn0032117	GO:0006486	4	42	0	0.0	FP
FBgn0283451	GO:0006486	19	42	0	0.0	FN
FBgn0003861	GO:0042802	21	30	2	0.0392156862745098	FP
FBgn0000547	GO:0042802	96	30	0	0.0	FN
FBgn0015765	GO:0005524	212	643	34	0.03976608187134503	FP
FBgn0033238	GO:0005524	5	643	0	0.0	FN
FBgn0036763	GO:0006436	2	2	0	0.0	FP
FBgn0266721	GO:0006436	30	2	0	0.0	FN
FBgn0003068	GO:0007623	43	45	8	0.09090909090909091	FP
FBgn0013726	GO:0007623	94	45	0	0.0	FN
FBgn0023083	GO:0035220	31	70	1	0.009900990099009901	FP
FBgn0287720	GO:0035220	0	70	0	0.0	FN
FBgn0000629	GO:0042054	182	12	1	0.005154639175257732	FP
FBgn0263740	GO:0042054	9	12	0	0.0	FN
FBgn0039543	GO:0005777	31	90	1	0.008264462809917356	FP
FBgn0027094	GO:0005777	36	90	0	0.0	FN
FBgn0004372	GO:0000003	8	3	0	0.0	FP
FBgn0035245	GO:0000003	1	3	0	0.0	FN
FBgn0015299	GO:0005667	62	88	2	0.013333333333333334	FP
FBgn0264695	GO:0005667	186	88	1	0.0036496350364963502	FN
FBgn0038952	GO:0004743	13	6	0	0.0	FP
FBgn0062588	GO:0004743	0	6	0	0.0	FN
FBgn0004647	GO:0005515	427	958	103	0.07436823104693141	FP
FBgn0031229	GO:0005515	71	958	14	0.013605442176870748	TN
FBgn0030603	GO:0007274	23	57	0	0.0	FP
FBgn0003089	GO:0007274	28	57	0	0.0	FN
FBgn0030204	GO:0032590	5	67	0	0.0	FP
FBgn0013263	GO:0032590	67	67	0	0.0	FN
FBgn0039250	GO:0072686	10	25	1	0.02857142857142857	FP
FBgn0250791	GO:0072686	193	25	1	0.0045871559633027525	FN
FBgn0016693	GO:0007291	98	60	2	0.012658227848101266	FP
FBgn0030268	GO:0007291	13	60	0	0.0	FN
FBgn0038747	GO:0005737	64	1863	17	0.008822003113648157	FP
FBgn0025827	GO:0005737	1	1863	0	0.0	FN
FBgn0001311	GO:0006035	24	4	0	0.0	FP
FBgn0021776	GO:0006035	16	4	0	0.0	FN
FBgn0011280	GO:0005576	6	499	1	0.0019801980198019802	FP
FBgn0263477	GO:0005576	0	499	0	0.0	FN
FBgn0023415	GO:0045434	16	16	0	0.0	FP
FBgn0262373	GO:0045434	0	16	0	0.0	FN
FBgn0027546	GO:0001654	62	21	0	0.0	FP
FBgn0000810	GO:0001654	107	21	1	0.0078125	FN
FBgn0267698	GO:0006468	188	238	17	0.03990610328638498	FP
FBgn0030310	GO:0006468	6	238	0	0.0	FN
FBgn0002932	GO:0005737	176	1863	81	0.039725355566454144	FP
FBgn0265959	GO:0005737	7	1863	2	0.0010695187165775401	FN
FBgn0036158	GO:0016020	2	1524	0	0.0	FP
FBgn0028427	GO:0016020	109	1524	6	0.003674219228413962	FN
FBgn0085421	GO:0005886	48	1052	9	0.008181818181818182	FP
FBgn0283657	GO:0005886	26	1052	0	0.0	FN
FBgn0030365	GO:0000974	140	12	8	0.05263157894736842	FP
FBgn0000659	GO:0000974	28	12	0	0.0	FN
FBgn0086906	GO:0003779	22	76	3	0.030612244897959183	FP
FBgn0002466	GO:0003779	26	76	0	0.0	FN
FBgn0035402	GO:0090364	57	2	0	0.0	FP
FBgn0033301	GO:0090364	0	2	0	0.0	FN
FBgn0044049	GO:0005615	2	685	1	0.001455604075691412	FP
FBgn0005536	GO:0005615	88	685	0	0.0	FN
FBgn0051272	GO:0022857	0	201	0	0.0	FP
FBgn0031504	GO:0022857	3	201	0	0.0	FN
FBgn0262576	GO:0005575	0	2646	0	0.0	FP
FBgn0052062	GO:0005575	61	2646	4	0.0014776505356483192	FN
FBgn0010263	GO:0060856	1002	2	0	0.0	FP
FBgn0000719	GO:0060856	53	2	0	0.0	FN
FBgn0005664	GO:0031012	4	130	0	0.0	FP
FBgn0035152	GO:0031012	8	130	0	0.0	FN
FBgn0053552	GO:0036297	0	12	0	0.0	FP
FBgn0003964	GO:0036297	62	12	0	0.0	FN
FBgn0026376	GO:0007165	26	199	9	0.04	FP
FBgn0003360	GO:0007165	219	199	10	0.023923444976076555	TN
FBgn0037482	GO:0000493	7	2	1	0.1111111111111111	TP
FBgn0052350	GO:0000493	11	2	0	0.0	FN
FBgn0052673	GO:0072659	0	41	0	0.0	FP
FBgn0267327	GO:0072659	0	41	0	0.0	FN
FBgn0086908	GO:0048477	99	248	9	0.025936599423631124	FP
FBgn0026181	GO:0048477	46	248	5	0.017006802721088437	TN
FBgn0259960	GO:0008150	0	1771	0	0.0	FP
FBgn0050096	GO:0008150	0	1771	0	0.0	FN
FBgn0020493	GO:0007488	16	10	2	0.07692307692307693	FP
FBgn0035588	GO:0007488	14	10	0	0.0	FN
FBgn0031995	GO:0005977	21	8	1	0.034482758620689655	FP
FBgn0003482	GO:0005977	9	8	0	0.0	FN
FBgn0260222	GO:0005758	1	19	0	0.0	FP
FBgn0033101	GO:0005758	54	19	0	0.0	FN
FBgn0036483	GO:0043984	8	2	0	0.0	FP
FBgn0040005	GO:0043984	11	2	0	0.0	FN
FBgn0261393	GO:0106435	5	25	0	0.0	FP
FBgn0038601	GO:0106435	27	25	0	0.0	FN
FBgn0036623	GO:0003841	75	4	0	0.0	FP
FBgn0020388	GO:0003841	157	4	0	0.0	FN
FBgn0037369	GO:0001680	14	1	0	0.0	FP
FBgn0037100	GO:0001680	3	1	0	0.0	FN
FBgn0004242	GO:0005544	30	13	1	0.023255813953488372	FP
FBgn0004394	GO:0005544	6	13	0	0.0	FN
FBgn0031266	GO:0003729	113	205	15	0.04716981132075472	FP
FBgn0036757	GO:0003729	1	205	0	0.0	FN
FBgn0035458	GO:0035725	0	61	0	0.0	FP
FBgn0030766	GO:0035725	0	61	0	0.0	FN
FBgn0025680	GO:0043153	26	12	2	0.05263157894736842	FP
FBgn0287873	GO:0043153	0	12	0	0.0	FN
FBgn0038601	GO:0003677	27	610	4	0.006279434850863423	FP
FBgn0051698	GO:0003677	0	610	0	0.0	FN
FBgn0030932	GO:0019953	14	220	0	0.0	FP
FBgn0266756	GO:0019953	6	220	0	0.0	FN
FBgn0285947	GO:0002181	71	101	3	0.01744186046511628	FP
FBgn0036829	GO:0002181	4	101	0	0.0	FN
FBgn0266667	GO:0008013	57	12	1	0.014492753623188406	FP
FBgn0039068	GO:0008013	15	12	0	0.0	FN
FBgn0288433	GO:0035277	0	23	0	0.0	FP
FBgn0004198	GO:0035277	63	23	0	0.0	FN
FBgn0033856	GO:0004459	1	2	0	0.0	FP
FBgn0011928	GO:0004459	0	2	0	0.0	FN
FBgn0033460	GO:0090110	98	4	2	0.0196078431372549	FP
FBgn0003248	GO:0090110	6	4	0	0.0	FN
FBgn0026630	GO:0016020	49	1524	7	0.004450095359186269	FP
FBgn0000259	GO:0016020	376	1524	13	0.006842105263157895	FN
FBgn0036734	GO:0005685	110	20	7	0.05384615384615385	FP
FBgn0052206	GO:0005685	4	20	0	0.0	FN
FBgn0024277	GO:0005085	42	84	0	0.0	FP
FBgn0040028	GO:0005085	32	84	0	0.0	FN
FBgn0267376	GO:0030041	8	12	0	0.0	FP
FBgn0003870	GO:0030041	109	12	0	0.0	FN
FBgn0014366	GO:0005681	123	52	19	0.10857142857142857	TP
FBgn0031309	GO:0005681	29	52	0	0.0	FN
FBgn0035498	GO:0050839	17	27	0	0.0	FP
FBgn0029501	GO:0050839	7	27	0	0.0	FN
FBgn0039788	GO:0005737	99	1863	41	0.02089704383282365	FP
FBgn0011591	GO:0005737	26	1863	5	0.0026469031233456856	FN
FBgn0029006	GO:0030514	307	31	3	0.008875739644970414	FP
FBgn0053196	GO:0030514	28	31	0	0.0	FN
FBgn0003719	GO:0004222	7	55	0	0.0	FP
FBgn0003897	GO:0004222	0	55	0	0.0	FN
FBgn0035245	GO:0018214	1	1	0	0.0	FP
FBgn0032346	GO:0018214	62	1	0	0.0	FN
FBgn0035645	GO:0022857	56	201	5	0.019455252918287938	FP
FBgn0035498	GO:0022857	17	201	0	0.0	FN
FBgn0259972	GO:0005615	0	685	0	0.0	FP
FBgn0264078	GO:0005615	100	685	3	0.003821656050955414	FN
FBgn0002546	GO:0007391	0	104	0	0.0	FP
FBgn0015765	GO:0007391	212	104	8	0.02531645569620253	TN
FBgn0000808	GO:0009950	5	25	4	0.13333333333333333	TP
FBgn0026176	GO:0009950	127	25	1	0.006578947368421052	FN
FBgn0261953	GO:0042127	79	27	1	0.009433962264150943	FP
FBgn0003865	GO:0042127	14	27	0	0.0	FN
FBgn0000257	GO:0019905	28	25	1	0.018867924528301886	FP
FBgn0026199	GO:0019905	9	25	0	0.0	FN
FBgn0039734	GO:0006509	68	9	0	0.0	FP
FBgn0015929	GO:0006509	99	9	0	0.0	FN
FBgn0002466	GO:0006468	26	238	1	0.003787878787878788	FP
FBgn0039153	GO:0006468	4	238	1	0.004132231404958678	FN
FBgn0030268	GO:0005871	13	25	1	0.02631578947368421	FP
FBgn0285955	GO:0005871	27	25	0	0.0	FN
FBgn0289122	GO:0006281	0	86	0	0.0	FP
FBgn0286213	GO:0006281	0	86	0	0.0	FN
FBgn0023522	GO:0030735	35	1	0	0.0	FP
FBgn0021796	GO:0030735	135	1	0	0.0	FN
FBgn0039283	GO:0005515	25	958	7	0.007121057985757884	FP
FBgn0032013	GO:0005515	10	958	1	0.0010330578512396695	FN
FBgn0039802	GO:0005739	69	623	14	0.02023121387283237	FP
FBgn0039139	GO:0005739	36	623	1	0.0015174506828528073	FN
FBgn0035625	GO:0001752	22	14	1	0.027777777777777776	FP
FBgn0003719	GO:0001752	7	14	0	0.0	FN
FBgn0030659	GO:0008270	1	516	0	0.0	FP
FBgn0033778	GO:0008270	57	516	0	0.0	FN
FBgn0053804	GO:0031507	0	76	0	0.0	FP
FBgn0034194	GO:0031507	2	76	0	0.0	FN
FBgn0062413	GO:0006878	11	5	0	0.0	FP
FBgn0032236	GO:0006878	88	5	0	0.0	FN
FBgn0003189	GO:0004088	177	1	0	0.0	FP
FBgn0024365	GO:0004088	2	1	0	0.0	FN
FBgn0000308	GO:0016322	112	43	1	0.0064516129032258064	FP
FBgn0033521	GO:0016322	28	43	0	0.0	FN
FBgn0023091	GO:0005634	59	2250	27	0.01169337375487224	FP
FBgn0265011	GO:0005634	26	2250	13	0.0057117750439367315	FN
FBgn0016919	GO:1905515	25	28	0	0.0	FP
FBgn0040475	GO:1905515	51	28	0	0.0	FN
FBgn0001098	GO:0005739	79	623	16	0.022792022792022793	FP
FBgn0004867	GO:0005739	130	623	2	0.0026560424966799467	FN
FBgn0061200	GO:0005643	75	37	8	0.07142857142857142	FP
FBgn0043591	GO:0005643	0	37	0	0.0	FN
FBgn0030959	GO:0003723	2	486	0	0.0	FP
FBgn0004628	GO:0003723	0	486	0	0.0	FN
FBgn0026375	GO:0007415	18	8	1	0.038461538461538464	FP
FBgn0010241	GO:0007415	30	8	0	0.0	FN
FBgn0041188	GO:0046959	371	12	4	0.010443864229765013	FP
FBgn0031643	GO:0046959	120	12	0	0.0	FN
FBgn0040345	GO:0005634	111	2250	40	0.0169419737399407	FP
FBgn0010051	GO:0005634	32	2250	11	0.004820333041191937	FN
FBgn0037240	GO:0008366	38	9	2	0.0425531914893617	FP
FBgn0003861	GO:0008366	21	9	0	0.0	FN
FBgn0039269	GO:0007298	33	107	4	0.02857142857142857	FP
FBgn0015278	GO:0007298	106	107	5	0.023474178403755867	TN
FBgn0003660	GO:0019905	147	25	12	0.06976744186046512	FP
FBgn0284436	GO:0019905	78	25	0	0.0	FN
FBgn0010379	GO:0060292	348	1	0	0.0	FP
FBgn0036483	GO:0060292	8	1	0	0.0	FN
FBgn0000546	GO:0004879	71	23	4	0.0425531914893617	FP
FBgn0013693	GO:0004879	0	23	0	0.0	FN
FBgn0053819	GO:0031507	0	76	0	0.0	FP
FBgn0262739	GO:0031507	133	76	0	0.0	FN
FBgn0037976	GO:0071861	3	1	0	0.0	FP
FBgn0260970	GO:0071861	20	1	0	0.0	FN
FBgn0250906	GO:0005524	119	643	12	0.015748031496062992	FP
FBgn0016919	GO:0005524	25	643	0	0.0	FN
FBgn0002413	GO:0071482	276	16	2	0.00684931506849315	FP
FBgn0259970	GO:0071482	0	16	0	0.0	FN
FBgn0260635	GO:0000209	39	58	1	0.010309278350515464	FP
FBgn0037650	GO:0000209	0	58	0	0.0	FN
FBgn0015279	GO:0045793	90	41	7	0.05343511450381679	FP
FBgn0029943	GO:0045793	98	41	0	0.0	FN
FBgn0283451	GO:0009608	19	4	0	0.0	FP
FBgn0259738	GO:0009608	0	4	0	0.0	FN
FBgn0033649	GO:0035169	1	7	0	0.0	FP
FBgn0020309	GO:0035169	107	7	2	0.017543859649122806	TN
FBgn0013263	GO:0007476	67	137	2	0.00980392156862745	FP
FBgn0086677	GO:0007476	3	137	0	0.0	FN
FBgn0034585	GO:0005545	51	2	0	0.0	FP
FBgn0000615	GO:0005545	99	2	0	0.0	FN
FBgn0263864	GO:0050700	20	3	1	0.043478260869565216	FP
FBgn0004813	GO:0050700	0	3	0	0.0	FN
FBgn0011739	GO:0008285	149	42	8	0.041884816753926704	FP
FBgn0030853	GO:0008285	31	42	1	0.0136986301369863	TN
FBgn0037838	GO:0036211	13	28	0	0.0	FP
FBgn0020616	GO:0036211	45	28	1	0.0136986301369863	TN
FBgn0002031	GO:0007005	142	47	3	0.015873015873015872	FP
FBgn0039612	GO:0007005	1	47	0	0.0	FN
FBgn0005355	GO:0051220	38	5	1	0.023255813953488372	FP
FBgn0016031	GO:0051220	5	5	0	0.0	FN
FBgn0261239	GO:0090575	35	31	0	0.0	FP
FBgn0003218	GO:0090575	0	31	0	0.0	FN
FBgn0034072	GO:0005515	6	958	2	0.002074688796680498	FP
FBgn0038140	GO:0005515	4	958	1	0.0010395010395010396	FN
FBgn0041621	GO:0016020	0	1524	0	0.0	FP
FBgn0053144	GO:0016020	13	1524	2	0.0013012361743656475	FN
FBgn0038632	GO:0008061	1	123	0	0.0	FP
FBgn0034247	GO:0008061	27	123	0	0.0	FN
FBgn0027453	GO:0005783	16	315	0	0.0	FP
FBgn0036913	GO:0005783	36	315	0	0.0	FN
FBgn0032773	GO:0042381	61	8	0	0.0	FP
FBgn0263606	GO:0042381	10	8	0	0.0	FN
FBgn0020278	GO:0001965	29	5	1	0.029411764705882353	FP
FBgn0025455	GO:0001965	40	5	0	0.0	FN
FBgn0263594	GO:1990904	29	54	1	0.012048192771084338	FP
FBgn0039466	GO:1990904	11	54	0	0.0	FN
FBgn0264978	GO:0000149	64	36	15	0.15	TP
FBgn0052255	GO:0000149	0	36	0	0.0	FN
FBgn0053389	GO:0022626	0	175	0	0.0	FP
FBgn0265574	GO:0022626	428	175	7	0.011608623548922056	TN
FBgn0029789	GO:0005783	32	315	0	0.0	FP
FBgn0033447	GO:0005783	19	315	0	0.0	FN
FBgn0002753	GO:0000278	0	151	0	0.0	FP
FBgn0000077	GO:0000278	2	151	0	0.0	FN
FBgn0261381	GO:0006391	2	2	0	0.0	FP
FBgn0013277	GO:0006391	77	2	0	0.0	FN
FBgn0047038	GO:0005747	3	52	2	0.03636363636363636	FP
FBgn0004372	GO:0005747	8	52	0	0.0	FN
FBgn0243512	GO:0033550	37	2	0	0.0	FP
FBgn0260749	GO:0033550	36	2	0	0.0	FN
FBgn0029909	GO:0007186	9	156	0	0.0	FP
FBgn0020261	GO:0007186	123	156	1	0.0035842293906810036	FN
FBgn0039576	GO:0034551	13	9	0	0.0	FP
FBgn0051432	GO:0034551	0	9	0	0.0	FN
FBgn0014020	GO:0050770	143	23	8	0.04819277108433735	FP
FBgn0010053	GO:0050770	5	23	0	0.0	FN
FBgn0267327	GO:0019953	0	220	0	0.0	FP
FBgn0039188	GO:0019953	56	220	0	0.0	FN
FBgn0031144	GO:0000981	2	415	0	0.0	FP
FBgn0011661	GO:0000981	230	415	5	0.007751937984496124	FN
FBgn0004198	GO:0007417	63	85	1	0.006756756756756757	FP
FBgn0030347	GO:0007417	9	85	0	0.0	FN
FBgn0025776	GO:0005634	1	2250	1	0.000444247001332741	FP
FBgn0000198	GO:0005634	0	2250	0	0.0	FN
FBgn0024248	GO:0043548	100	2	1	0.00980392156862745	FP
FBgn0004400	GO:0043548	25	2	0	0.0	FN
FBgn0053958	GO:0016849	0	22	0	0.0	FP
FBgn0003865	GO:0016849	14	22	0	0.0	FN
FBgn0033447	GO:0010824	19	1	0	0.0	FP
FBgn0039927	GO:0010824	4	1	0	0.0	FN
FBgn0039180	GO:0004222	1	55	0	0.0	FP
FBgn0051866	GO:0004222	20	55	0	0.0	FN
FBgn0286213	GO:0006412	0	558	0	0.0	FP
FBgn0029714	GO:0006412	53	558	5	0.008183306055646482	FN
FBgn0266756	GO:0010004	6	13	0	0.0	FP
FBgn0261930	GO:0010004	15	13	0	0.0	FN
FBgn0024833	GO:0048749	60	115	8	0.045714285714285714	FP
FBgn0004837	GO:0048749	91	115	9	0.043689320388349516	TN
FBgn0038350	GO:0051536	0	30	0	0.0	FP
FBgn0032216	GO:0051536	78	30	0	0.0	FN
FBgn0052850	GO:0000151	75	31	4	0.03773584905660377	FP
FBgn0011885	GO:0000151	0	31	0	0.0	FN
FBgn0031659	GO:0021952	9	5	0	0.0	FP
FBgn0005777	GO:0021952	623	5	0	0.0	FN
FBgn0266047	GO:0003674	0	3150	0	0.0	FP
FBgn0052703	GO:0003674	8	3150	0	0.0	FN
FBgn0031882	GO:0031985	29	5	0	0.0	FP
FBgn0041096	GO:0031985	63	5	0	0.0	FN
FBgn0037384	GO:0005634	55	2250	29	0.012581344902386117	FP
FBgn0044000	GO:0005634	0	2250	0	0.0	FN
FBgn0010316	GO:0051726	51	40	2	0.02197802197802198	FP
FBgn0040268	GO:0051726	24	40	0	0.0	FN
FBgn0028936	GO:0003674	1	3150	0	0.0	FP
FBgn0039269	GO:0003674	33	3150	0	0.0	FN
FBgn0264078	GO:0031410	100	42	1	0.007042253521126761	FP
FBgn0039451	GO:0031410	48	42	0	0.0	FN
FBgn0011956	GO:0006412	0	558	0	0.0	FP
FBgn0038296	GO:0006412	8	558	0	0.0	FN
FBgn0283545	GO:0019789	25	11	2	0.05555555555555555	FP
FBgn0034237	GO:0019789	138	11	1	0.006711409395973154	FN
FBgn0027052	GO:0071218	142	7	0	0.0	FP
FBgn0000416	GO:0071218	22	7	0	0.0	FN
FBgn0259108	GO:0005875	67	22	1	0.011235955056179775	FP
FBgn0030659	GO:0005875	1	22	0	0.0	FN
FBgn0000077	GO:0007498	2	61	0	0.0	FP
FBgn0263655	GO:0007498	0	61	0	0.0	FN
FBgn0030954	GO:0007186	19	156	2	0.011428571428571429	FP
FBgn0011976	GO:0007186	0	156	0	0.0	FN
FBgn0030904	GO:0007259	4	6	3	0.3	TP
FBgn0052850	GO:0007259	75	6	0	0.0	FN
FBgn0013696	GO:0005739	0	623	0	0.0	FP
FBgn0029006	GO:0005739	307	623	15	0.016129032258064516	TN
FBgn0011866	GO:0030533	0	290	0	0.0	FP
FBgn0035402	GO:0030533	57	290	0	0.0	FN
FBgn0032416	GO:0050909	0	68	0	0.0	FP
FBgn0030954	GO:0050909	19	68	0	0.0	FN
FBgn0031643	GO:0006468	120	238	6	0.01675977653631285	FP
FBgn0036299	GO:0006468	36	238	1	0.0036496350364963502	FN
FBgn0001075	GO:0042067	102	24	3	0.023809523809523808	FP
FBgn0087041	GO:0042067	0	24	0	0.0	FN
FBgn0033845	GO:0008157	38	26	0	0.0	FP
FBgn0003015	GO:0008157	85	26	0	0.0	FN
FBgn0265959	GO:0016787	7	116	0	0.0	FP
FBgn0034585	GO:0016787	51	116	0	0.0	FN
FBgn0030993	GO:0097206	221	7	0	0.0	FP
FBgn0015664	GO:0097206	43	7	0	0.0	FN
FBgn0262582	GO:0005634	27	2250	11	0.004830917874396135	FP
FBgn0039907	GO:0005634	16	2250	9	0.003971756398940865	FN
FBgn0003482	GO:0030717	9	34	2	0.046511627906976744	FP
FBgn0285947	GO:0030717	71	34	0	0.0	FN
FBgn0035001	GO:0004674	25	158	3	0.01639344262295082	FP
FBgn0082939	GO:0004674	0	158	0	0.0	FN
FBgn0030694	GO:0030496	12	30	0	0.0	FP
FBgn0034110	GO:0030496	106	30	0	0.0	FN
FBgn0039068	GO:0005777	15	90	1	0.009523809523809525	FP
FBgn0034110	GO:0005777	106	90	1	0.00510204081632653	FN
FBgn0004400	GO:0003682	25	174	0	0.0	FP
FBgn0003330	GO:0003682	474	174	31	0.047839506172839504	TN
FBgn0045052	GO:0048477	0	248	0	0.0	FP
FBgn0039140	GO:0048477	41	248	2	0.006920415224913495	FN
FBgn0034878	GO:0042023	8	18	0	0.0	FP
FBgn0052072	GO:0042023	201	18	0	0.0	FN
FBgn0015872	GO:0006833	83	2	0	0.0	FP
FBgn0289122	GO:0006833	0	2	0	0.0	FN
FBgn0045073	GO:0016020	25	1524	3	0.001936733376371853	FP
FBgn0033375	GO:0016020	43	1524	1	0.0006381620931716656	FN
FBgn0000017	GO:0007391	207	104	18	0.05787781350482315	FP
FBgn0037305	GO:0007391	6	104	0	0.0	FN
FBgn0025827	GO:0050829	1	114	0	0.0	FP
FBgn0036158	GO:0050829	2	114	0	0.0	FN
FBgn0032346	GO:0003723	62	486	15	0.02737226277372263	FP
FBgn0036376	GO:0003723	27	486	3	0.005847953216374269	FN
FBgn0036376	GO:0051963	27	4	0	0.0	FP
FBgn0263396	GO:0051963	137	4	0	0.0	FN
FBgn0266098	GO:0019901	14	61	1	0.013333333333333334	FP
FBgn0023508	GO:0019901	57	61	4	0.03389830508474576	TN
FBgn0038296	GO:0004842	8	101	1	0.009174311926605505	FP
FBgn0262617	GO:0004842	123	101	3	0.013392857142857142	TN
FBgn0002973	GO:0055059	63	29	6	0.06521739130434782	FP
FBgn0041188	GO:0055059	371	29	3	0.0075	FN
FBgn0034617	GO:0141006	21	4	2	0.08	FP
FBgn0011674	GO:0141006	17	4	0	0.0	FN
FBgn0032258	GO:0048213	44	1	0	0.0	FP
FBgn0085638	GO:0048213	0	1	0	0.0	FN
FBgn0053870	GO:0000786	0	124	0	0.0	FP
FBgn0259960	GO:0000786	0	124	0	0.0	FN
FBgn0014863	GO:0008307	29	15	0	0.0	FP
FBgn0000317	GO:0008307	19	15	0	0.0	FN
FBgn0053912	GO:0003674	0	3150	0	0.0	FP
FBgn0010194	GO:0003674	30	3150	0	0.0	FN
FBgn0003205	GO:0007465	270	22	13	0.04452054794520548	FP
FBgn0038980	GO:0007465	0	22	0	0.0	FN
FBgn0264477	GO:0003674	0	3150	0	0.0	FP
FBgn0262858	GO:0003674	0	3150	0	0.0	FN
FBgn0010750	GO:0045893	123	145	7	0.026119402985074626	FP
FBgn0037963	GO:0045893	4	145	0	0.0	FN
FBgn0037913	GO:0015908	207	2	0	0.0	FP
FBgn0069317	GO:0015908	0	2	0	0.0	FN
FBgn0003607	GO:0005721	125	26	12	0.07947019867549669	FP
FBgn0029137	GO:0005721	34	26	0	0.0	FN
FBgn0036318	GO:0045572	37	19	1	0.017857142857142856	FP
FBgn0266667	GO:0045572	57	19	1	0.013157894736842105	TN
FBgn0003009	GO:0007065	1	5	0	0.0	FP
FBgn0010501	GO:0007065	125	5	0	0.0	FN
FBgn0031655	GO:0036310	3	1	0	0.0	FP
FBgn0264979	GO:0036310	5	1	0	0.0	FN
FBgn0051072	GO:0007041	0	9	0	0.0	FP
FBgn0038788	GO:0007041	56	9	0	0.0	FN
FBgn0000229	GO:0016319	201	90	3	0.010309278350515464	FP
FBgn0001404	GO:0016319	1	90	0	0.0	FN
FBgn0028663	GO:0033181	6	17	2	0.08695652173913043	FP
FBgn0038198	GO:0033181	4	17	0	0.0	FN
FBgn0036141	GO:0007367	46	40	1	0.011627906976744186	FP
FBgn0043456	GO:0007367	40	40	1	0.0125	TN
FBgn0010258	GO:0003723	26	486	3	0.005859375	FP
FBgn0051272	GO:0003723	0	486	0	0.0	FN
FBgn0053504	GO:0005683	9	2	1	0.09090909090909091	FP
FBgn0005616	GO:0005683	27	2	0	0.0	FN
FBgn0026181	GO:0007309	46	10	1	0.017857142857142856	FP
FBgn0029694	GO:0007309	0	10	0	0.0	FN
FBgn0016650	GO:0007189	26	31	0	0.0	FP
FBgn0259176	GO:0007189	138	31	0	0.0	FN
FBgn0001079	GO:0007224	71	10	4	0.04938271604938271	FP
FBgn0266756	GO:0007224	6	10	0	0.0	FN
FBgn0000667	GO:0005509	207	205	12	0.02912621359223301	FP
FBgn0030204	GO:0005509	5	205	0	0.0	FN
FBgn0260934	GO:0030707	249	76	10	0.03076923076923077	FP
FBgn0037263	GO:0030707	50	76	2	0.015873015873015872	TN
FBgn0005681	GO:0048749	0	115	0	0.0	FP
FBgn0035625	GO:0048749	22	115	2	0.014598540145985401	TN
FBgn0033556	GO:0000398	24	229	4	0.015810276679841896	FP
FBgn0003345	GO:0000398	43	229	0	0.0	FN
FBgn0011976	GO:0006412	0	558	0	0.0	FP
FBgn0004921	GO:0006412	48	558	0	0.0	FN
FBgn0019990	GO:0010998	71	3	0	0.0	FP
FBgn0030268	GO:0010998	13	3	0	0.0	FN
FBgn0005672	GO:0048018	355	38	2	0.005089058524173028	FP
FBgn0032256	GO:0048018	27	38	1	0.015384615384615385	TN
FBgn0003731	GO:0045465	637	6	4	0.006220839813374806	FP
FBgn0043022	GO:0045465	0	6	0	0.0	FN
FBgn0270926	GO:0004066	43	2	0	0.0	FP
FBgn0003944	GO:0004066	151	2	0	0.0	FN
FBgn0004367	GO:0004674	102	158	5	0.019230769230769232	FP
FBgn0250842	GO:0004674	4	158	0	0.0	FN
FBgn0001226	GO:0051082	104	69	5	0.028901734104046242	FP
FBgn0037384	GO:0051082	55	69	0	0.0	FN
FBgn0019932	GO:0004014	10	1	0	0.0	FP
FBgn0030268	GO:0004014	13	1	0	0.0	FN
FBgn0026317	GO:0005737	201	1863	61	0.029554263565891473	FP
FBgn0003275	GO:0005737	59	1863	10	0.005202913631633715	FN
FBgn0036428	GO:0008157	50	26	0	0.0	FP
FBgn0003068	GO:0008157	43	26	0	0.0	FN
FBgn0263930	GO:1905475	218	3	1	0.004524886877828055	FP
FBgn0000723	GO:1905475	36	3	0	0.0	FN
FBgn0026404	GO:0007552	24	36	0	0.0	FP
FBgn0026778	GO:0007552	48	36	0	0.0	FN
FBgn0053554	GO:0000124	113	25	18	0.13043478260869565	TP
FBgn0003301	GO:0000124	10	25	0	0.0	FN
FBgn0039140	GO:0005525	41	156	1	0.005076142131979695	FP
FBgn0004644	GO:0005525	28	156	1	0.005434782608695652	FN
FBgn0052442	GO:0032541	41	1	0	0.0	FP
FBgn0061200	GO:0032541	75	1	0	0.0	FN
FBgn0024983	GO:0006888	48	69	10	0.08547008547008547	FP
FBgn0030872	GO:0006888	2	69	0	0.0	FN
FBgn0010194	GO:0005576	30	499	0	0.0	FP
FBgn0004507	GO:0005576	103	499	4	0.006644518272425249	FN
FBgn0033069	GO:0031369	4	15	1	0.05263157894736842	FP
FBgn0001624	GO:0031369	248	15	0	0.0	FN
FBgn0260945	GO:0006897	161	69	1	0.004347826086956522	FP
FBgn0034617	GO:0006897	21	69	0	0.0	FN
FBgn0001404	GO:0001744	1	4	0	0.0	FP
FBgn0004240	GO:0001744	12	4	0	0.0	FN
FBgn0010768	GO:0048666	5	16	1	0.047619047619047616	FP
FBgn0010015	GO:0048666	112	16	0	0.0	FN
FBgn0262872	GO:0047496	23	4	0	0.0	FP
FBgn0030588	GO:0047496	3	4	0	0.0	FN
FBgn0026389	GO:0007608	1	116	1	0.008547008547008548	FP
FBgn0003209	GO:0007608	13	116	0	0.0	FN
FBgn0263289	GO:0072002	53	5	0	0.0	FP
FBgn0003731	GO:0072002	637	5	4	0.006230529595015576	FN
FBgn0031018	GO:0019789	41	11	2	0.038461538461538464	FP
FBgn0034389	GO:0019789	8	11	0	0.0	FN
FBgn0002939	GO:0005737	4	1863	1	0.0005356186395286556	FP
FBgn0013334	GO:0005737	26	1863	7	0.0037056643726839597	FN
FBgn0264750	GO:0019953	2	220	0	0.0	FP
FBgn0262127	GO:0019953	35	220	0	0.0	FN
FBgn0003731	GO:0005886	637	1052	119	0.0704558910597987	FP
FBgn0022382	GO:0005886	134	1052	17	0.01433389544688027	TN
FBgn0026317	GO:0033596	201	2	1	0.0049261083743842365	FP
FBgn0262127	GO:0033596	35	2	0	0.0	FN
FBgn0039214	GO:0005515	19	958	9	0.009211873080859774	FP
FBgn0250906	GO:0005515	119	958	14	0.012999071494893221	TN
FBgn0086657	GO:0005515	360	958	67	0.05083459787556904	FP
FBgn0037445	GO:0005515	13	958	2	0.0020597322348094747	FN
FBgn0259936	GO:0005730	0	301	0	0.0	FP
FBgn0028944	GO:0005730	1	301	0	0.0	FN
FBgn0259189	GO:0016020	0	1524	0	0.0	FP
FBgn0011260	GO:0016020	77	1524	6	0.0037476577139287947	FN
FBgn0266346	GO:0017071	7	4	0	0.0	FP
FBgn0083228	GO:0017071	40	4	0	0.0	FN
FBgn0038277	GO:0003735	173	290	57	0.12311015118790497	TP
FBgn0025807	GO:0003735	35	290	1	0.003076923076923077	FN
FBgn0036126	GO:1990391	60	2	1	0.016129032258064516	FP
FBgn0284442	GO:1990391	10	2	0	0.0	FN
FBgn0053835	GO:0006325	0	120	0	0.0	FP
FBgn0037913	GO:0006325	207	120	3	0.009174311926605505	FN
FBgn0287873	GO:0007395	0	9	0	0.0	FP
FBgn0038422	GO:0007395	0	9	0	0.0	FN
FBgn0038402	GO:0006355	16	502	10	0.019305019305019305	FP
FBgn0011599	GO:0006355	0	502	0	0.0	FN
FBgn0002914	GO:0000278	101	151	5	0.01984126984126984	FP
FBgn0023415	GO:0000278	16	151	0	0.0	FN
FBgn0000377	GO:0005634	191	2250	73	0.029905776321179845	FP
FBgn0053771	GO:0005634	0	2250	0	0.0	FN
FBgn0000416	GO:0006629	22	92	0	0.0	FP
FBgn0030439	GO:0006629	0	92	0	0.0	FN
FBgn0004394	GO:0001228	6	92	1	0.01020408163265306	FP
FBgn0026371	GO:0001228	87	92	2	0.0111731843575419	TN
FBgn0041629	GO:0019953	18	220	0	0.0	FP
FBgn0031224	GO:0019953	25	220	0	0.0	FN
FBgn0003256	GO:0048010	381	32	14	0.03389830508474576	FP
FBgn0039599	GO:0048010	3	32	0	0.0	FN
FBgn0037470	GO:0071076	113	1	0	0.0	FP
FBgn0004110	GO:0071076	11	1	0	0.0	FN
FBgn0039451	GO:0005575	48	2646	0	0.0	FP
FBgn0029897	GO:0005575	151	2646	3	0.0010725777618877368	FN
FBgn0036179	GO:0000122	2	222	0	0.0	FP
FBgn0039889	GO:0000122	10	222	0	0.0	FN
FBgn0016976	GO:0048489	3	18	1	0.047619047619047616	FP
FBgn0053882	GO:0048489	0	18	0	0.0	FN
FBgn0037305	GO:0019509	6	6	0	0.0	FP
FBgn0003514	GO:0019509	153	6	0	0.0	FN
FBgn0027094	GO:0002161	36	11	0	0.0	FP
FBgn0002932	GO:0002161	176	11	0	0.0	FN
FBgn0003996	GO:0051615	31	2	0	0.0	FP
FBgn0014020	GO:0051615	143	2	0	0.0	FN
FBgn0032216	GO:0004843	78	40	3	0.025423728813559324	FP
FBgn0002716	GO:0004843	16	40	0	0.0	FN
FBgn0010222	GO:0004488	18	2	0	0.0	FP
FBgn0004647	GO:0004488	427	2	0	0.0	FN
FBgn0030268	GO:0055028	13	3	0	0.0	FP
FBgn0014396	GO:0055028	35	3	0	0.0	FN
FBgn0028550	GO:0000981	3	415	1	0.0023923444976076554	FP
FBgn0000166	GO:0000981	93	415	10	0.01968503937007874	TN
FBgn0024234	GO:0046982	17	217	1	0.004273504273504274	FP
FBgn0036617	GO:0046982	63	217	0	0.0	FN
FBgn0038301	GO:0008270	22	516	5	0.00929368029739777	FP
FBgn0020278	GO:0008270	29	516	1	0.001834862385321101	FN
FBgn0262858	GO:0046872	0	139	0	0.0	FP
FBgn0264959	GO:0046872	72	139	1	0.004739336492890996	FN
FBgn0025615	GO:0051085	26	31	0	0.0	FP
FBgn0283451	GO:0051085	19	31	0	0.0	FN
FBgn0036757	GO:0005886	1	1052	0	0.0	FP
FBgn0026375	GO:0005886	18	1052	9	0.008411214953271028	FN
FBgn0087008	GO:0045892	29	137	1	0.006024096385542169	FP
FBgn0002546	GO:0045892	0	137	0	0.0	FN
FBgn0039050	GO:0006520	11	20	5	0.16129032258064516	TP
FBgn0041781	GO:0006520	61	20	0	0.0	FN
FBgn0000052	GO:0004642	33	1	0	0.0	FP
FBgn0040271	GO:0004642	12	1	0	0.0	FN
FBgn0050096	GO:0005575	0	2646	0	0.0	FP
FBgn0031764	GO:0005575	13	2646	0	0.0	FN
FBgn0038918	GO:0019953	1	220	0	0.0	FP
FBgn0037363	GO:0019953	33	220	0	0.0	FN
FBgn0015277	GO:0006914	42	56	4	0.04081632653061224	FP
FBgn0016975	GO:0006914	15	56	1	0.014084507042253521	TN
FBgn0032596	GO:0010498	172	27	23	0.11557788944723618	TP
FBgn0038402	GO:0010498	16	27	0	0.0	FN
FBgn0260446	GO:0016020	0	1524	0	0.0	FP
FBgn0243512	GO:0016020	37	1524	0	0.0	FN
FBgn0035424	GO:0030308	164	14	0	0.0	FP
FBgn0015268	GO:0030308	196	14	3	0.014285714285714285	TN
FBgn0036111	GO:0042594	36	75	0	0.0	FP
FBgn0003731	GO:0042594	637	75	8	0.011235955056179775	TN
FBgn0010051	GO:0010888	32	9	0	0.0	FP
FBgn0003062	GO:0010888	240	9	1	0.004016064257028112	FN
FBgn0001986	GO:0006401	115	7	0	0.0	FP
FBgn0053552	GO:0006401	0	7	0	0.0	FN
FBgn0010501	GO:0043025	125	150	2	0.007272727272727273	FP
FBgn0036372	GO:0043025	72	150	2	0.009009009009009009	FN
FBgn0036734	GO:0000398	110	229	25	0.07374631268436578	FP
FBgn0024330	GO:0000398	108	229	5	0.01483679525222552	TN
FBgn0003870	GO:0042682	109	2	0	0.0	FP
FBgn0023091	GO:0042682	59	2	0	0.0	FN
FBgn0000183	GO:0005829	88	1082	8	0.006837606837606838	FP
FBgn0021872	GO:0005829	49	1082	3	0.002652519893899204	FN
FBgn0053909	GO:0035059	0	49	0	0.0	FP
FBgn0262739	GO:0035059	133	49	0	0.0	FN
FBgn0037000	GO:0010312	2	12	0	0.0	FP
FBgn0029804	GO:0010312	5	12	0	0.0	FN
FBgn0003248	GO:0007602	6	48	2	0.037037037037037035	FP
FBgn0026630	GO:0007602	49	48	1	0.010309278350515464	TN
FBgn0034110	GO:0006914	106	56	3	0.018518518518518517	FP
FBgn0025583	GO:0006914	2	56	0	0.0	FN
FBgn0261381	GO:0005759	2	55	1	0.017543859649122806	FP
FBgn0033856	GO:0005759	1	55	0	0.0	FN
FBgn0037100	GO:0007218	3	59	0	0.0	FP
FBgn0032487	GO:0007218	82	59	0	0.0	FN
FBgn0028692	GO:0008540	152	12	11	0.06707317073170732	FP
FBgn0032773	GO:0008540	61	12	0	0.0	FN
FBgn0023076	GO:0005634	52	2250	26	0.011294526498696786	FP
FBgn0031231	GO:0005634	21	2250	7	0.0030823425803610744	FN
FBgn0086444	GO:0071011	66	142	9	0.04326923076923077	FP
FBgn0035785	GO:0071011	29	142	0	0.0	FN
FBgn0038282	GO:0005886	11	1052	2	0.0018814675446848542	FP
FBgn0013725	GO:0005886	39	1052	7	0.006416131989000917	FN
FBgn0043456	GO:0050661	40	14	0	0.0	FP
FBgn0262656	GO:0050661	479	14	0	0.0	FN
FBgn0053846	GO:0031507	0	76	0	0.0	FP
FBgn0039802	GO:0031507	69	76	1	0.006896551724137931	FN
FBgn0031544	GO:0012505	23	202	0	0.0	FP
FBgn0033453	GO:0012505	5	202	0	0.0	FN
FBgn0259176	GO:0005829	138	1082	16	0.013114754098360656	FP
FBgn0265268	GO:0005829	0	1082	0	0.0	FN
FBgn0030588	GO:0016491	3	215	1	0.0045871559633027525	FP
FBgn0033766	GO:0016491	17	215	0	0.0	FN
FBgn0030806	GO:0005634	14	2250	5	0.002208480565371025	FP
FBgn0260753	GO:0005634	0	2250	0	0.0	FN
FBgn0010241	GO:0140359	30	51	3	0.037037037037037035	FP
FBgn0039788	GO:0140359	99	51	0	0.0	FN
FBgn0004396	GO:0000987	93	19	0	0.0	FP
FBgn0035110	GO:0000987	61	19	0	0.0	FN
FBgn0259817	GO:0019887	0	26	0	0.0	FP
FBgn0036496	GO:0019887	9	26	0	0.0	FN
FBgn0035110	GO:0000445	61	5	4	0.06060606060606061	FP
FBgn0028936	GO:0000445	1	5	0	0.0	FN
FBgn0016917	GO:0007259	226	6	5	0.021551724137931036	FP
FBgn0020261	GO:0007259	123	6	0	0.0	FN
FBgn0000723	GO:0004713	36	30	2	0.030303030303030304	FP
FBgn0039300	GO:0004713	68	30	0	0.0	FN
FBgn0037445	GO:0006355	13	502	3	0.005825242718446602	FP
FBgn0038473	GO:0006355	431	502	30	0.03215434083601286	TN
FBgn0062588	GO:0003674	0	3150	0	0.0	FP
FBgn0266137	GO:0003674	11	3150	0	0.0	FN
FBgn0003380	GO:0045938	24	18	2	0.047619047619047616	FP
FBgn0027535	GO:0045938	38	18	0	0.0	FN
FBgn0036875	GO:0016791	0	96	0	0.0	FP
FBgn0005596	GO:0016791	21	96	0	0.0	FN
FBgn0028429	GO:0035308	20	5	0	0.0	FP
FBgn0003380	GO:0035308	24	5	0	0.0	FN
FBgn0032433	GO:0005886	0	1052	0	0.0	FP
FBgn0053752	GO:0005886	0	1052	0	0.0	FN
FBgn0035588	GO:0016491	14	215	0	0.0	FP
FBgn0029840	GO:0016491	77	215	0	0.0	FN
FBgn0036844	GO:0033550	22	2	0	0.0	FP
FBgn0031275	GO:0033550	2	2	0	0.0	FN
FBgn0003651	GO:0007510	48	3	0	0.0	FP
FBgn0263602	GO:0007510	25	3	0	0.0	FN
FBgn0069317	GO:0003674	0	3150	0	0.0	FP
FBgn0023522	GO:0003674	35	3150	2	0.0006279434850863422	FN
FBgn0034062	GO:0005634	4	2250	1	0.00044365572315882877	FP
FBgn0260635	GO:0005634	39	2250	17	0.007426823940585408	FN
FBgn0030005	GO:0000122	2	222	0	0.0	FP
FBgn0000017	GO:0000122	207	222	2	0.004662004662004662	FN
FBgn0052703	GO:0045792	8	22	0	0.0	FP
FBgn0266486	GO:0045792	0	22	0	0.0	FN
FBgn0031550	GO:0060271	9	88	1	0.010309278350515464	FP
FBgn0027052	GO:0060271	142	88	0	0.0	FN
FBgn0052330	GO:0030533	0	290	0	0.0	FP
FBgn0011739	GO:0030533	149	290	0	0.0	FN
FBgn0030718	GO:0005747	11	52	5	0.07936507936507936	FP
FBgn0039616	GO:0005747	0	52	0	0.0	FN
FBgn0284436	GO:0005524	78	643	21	0.02912621359223301	FP
FBgn0037482	GO:0005524	7	643	0	0.0	FN
FBgn0011944	GO:0005829	0	1082	0	0.0	FP
FBgn0010258	GO:0005829	26	1082	1	0.0009025270758122744	FN
FBgn0036372	GO:0061177	72	7	0	0.0	FP
FBgn0010313	GO:0061177	16	7	0	0.0	FN
FBgn0036161	GO:0005737	21	1863	7	0.0037154989384288748	FP
FBgn0053504	GO:0005737	9	1863	0	0.0	FN
FBgn0004110	GO:0061101	11	6	1	0.058823529411764705	FP
FBgn0005681	GO:0061101	0	6	0	0.0	FN
FBgn0011742	GO:0034314	363	11	9	0.02406417112299465	FP
FBgn0020496	GO:0034314	185	11	3	0.015306122448979591	TN
FBgn0003275	GO:0001055	59	9	8	0.11764705882352941	TP
FBgn0026317	GO:0001055	201	9	0	0.0	FN
FBgn0039336	GO:0005634	78	2250	16	0.006872852233676976	FP
FBgn0259936	GO:0005634	0	2250	0	0.0	FN
FBgn0026199	GO:0048018	9	38	0	0.0	FP
FBgn0288433	GO:0048018	0	38	0	0.0	FN
FBgn0003137	GO:0030198	31	29	0	0.0	FP
FBgn0033705	GO:0030198	7	29	0	0.0	FN
FBgn0054015	GO:0043530	3	3	0	0.0	FP
FBgn0000756	GO:0043530	0	3	0	0.0	FN
FBgn0011260	GO:0050919	77	5	0	0.0	FP
FBgn0038767	GO:0050919	0	5	0	0.0	FN
FBgn0262373	GO:1903231	0	89	0	0.0	FP
FBgn0053896	GO:1903231	0	89	0	0.0	FN
FBgn0069313	GO:0003674	0	3150	0	0.0	FP
FBgn0031894	GO:0003674	15	3150	0	0.0	FN
FBgn0030853	GO:0005747	31	52	3	0.03614457831325301	FP
FBgn0029114	GO:0005747	7	52	0	0.0	FN
FBgn0052062	GO:0000976	61	103	1	0.006097560975609756	FP
FBgn0003742	GO:0000976	51	103	0	0.0	FN
FBgn0029133	GO:0000398	117	229	7	0.02023121387283237	FP
FBgn0028471	GO:0000398	1456	229	37	0.02195845697329377	TN
FBgn0003292	GO:0004169	5	6	1	0.09090909090909091	FP
FBgn0263998	GO:0004169	4	6	0	0.0	FN
FBgn0034802	GO:0003676	779	369	56	0.04878048780487805	FP
FBgn0037485	GO:0003676	2	369	0	0.0	FN
FBgn0261064	GO:0048227	41	5	2	0.043478260869565216	FP
FBgn0028982	GO:0048227	62	5	0	0.0	FN
FBgn0034194	GO:0005085	2	84	0	0.0	FP
FBgn0086785	GO:0005085	18	84	0	0.0	FN
FBgn0032002	GO:0009972	25	3	2	0.07142857142857142	FP
FBgn0035240	GO:0009972	32	3	0	0.0	FN
FBgn0030828	GO:0016298	38	39	0	0.0	FP
FBgn0026199	GO:0016298	9	39	0	0.0	FN
FBgn0029798	GO:0010569	13	3	0	0.0	FP
FBgn0033845	GO:0010569	38	3	0	0.0	FN
FBgn0039140	GO:0000287	41	50	0	0.0	FP
FBgn0036734	GO:0000287	110	50	1	0.00625	FN
FBgn0262127	GO:0005911	35	35	6	0.08571428571428572	FP
FBgn0034564	GO:0005911	54	35	0	0.0	FN
FBgn0052350	GO:0030674	11	30	0	0.0	FP
FBgn0034310	GO:0030674	42	30	0	0.0	FN
FBgn0001624	GO:0045179	248	50	3	0.010067114093959731	FP
FBgn0036623	GO:0045179	75	50	0	0.0	FN
FBgn0028422	GO:0007274	2	57	0	0.0	FP
FBgn0001075	GO:0007274	102	57	0	0.0	FN
FBgn0004110	GO:0007435	11	48	0	0.0	FP
FBgn0003731	GO:0007435	637	48	7	0.010218978102189781	TN
FBgn0040319	GO:0004357	17	1	0	0.0	FP
FBgn0042134	GO:0004357	11	1	0	0.0	FN
FBgn0053838	GO:0006334	0	102	0	0.0	FP
FBgn0031882	GO:0006334	29	102	0	0.0	FN
FBgn0015279	GO:0045572	90	19	1	0.009174311926605505	FP
FBgn0037838	GO:0045572	13	19	0	0.0	FN
FBgn0036476	GO:1903729	49	2	0	0.0	FP
FBgn0011742	GO:1903729	363	2	0	0.0	FN
FBgn0010416	GO:0008023	54	17	1	0.014084507042253521	FP
FBgn0036428	GO:0008023	50	17	0	0.0	FN
FBgn0031764	GO:0003676	13	369	1	0.002617801047120419	FP
FBgn0015544	GO:0003676	34	369	0	0.0	FN
FBgn0040271	GO:0016201	12	15	0	0.0	FP
FBgn0037728	GO:0016201	251	15	1	0.0037593984962406013	FN
FBgn0005633	GO:0005863	29	5	1	0.029411764705882353	FP
FBgn0036837	GO:0005863	12	5	0	0.0	FN
FBgn0024947	GO:1990003	45	1	0	0.0	FP
FBgn0266098	GO:1990003	14	1	0	0.0	FN
FBgn0034938	GO:0006784	9	2	1	0.09090909090909091	FP
FBgn0029133	GO:0006784	117	2	0	0.0	FN
FBgn0000182	GO:0000278	18	151	1	0.005917159763313609	FP
FBgn0039664	GO:0000278	2	151	0	0.0	FN
FBgn0042134	GO:0009794	11	3	1	0.07142857142857142	FP
FBgn0053443	GO:0009794	0	3	0	0.0	FN
FBgn0039889	GO:0006886	10	142	0	0.0	FP
FBgn0033460	GO:0006886	98	142	8	0.03333333333333333	TN
FBgn0010194	GO:0045165	30	26	0	0.0	FP
FBgn0031860	GO:0045165	21	26	0	0.0	FN
FBgn0039114	GO:0010883	9	23	1	0.03125	FP
FBgn0038659	GO:0010883	93	23	0	0.0	FN
FBgn0003944	GO:0000122	151	222	14	0.03753351206434316	FP
FBgn0032416	GO:0000122	0	222	0	0.0	FN
FBgn0030802	GO:0048027	48	6	0	0.0	FP
FBgn0030746	GO:0048027	3	6	0	0.0	FN
FBgn0028939	GO:0003674	4	3150	0	0.0	FP
FBgn0036117	GO:0003674	164	3150	3	0.0009052504526252263	FN
FBgn0038020	GO:0005737	50	1863	30	0.015682174594877155	FP
FBgn0051343	GO:0005737	26	1863	7	0.0037056643726839597	FN
FBgn0003285	GO:0005912	20	45	2	0.03076923076923077	FP
FBgn0032456	GO:0005912	193	45	1	0.004201680672268907	FN
FBgn0037980	GO:0035071	22	18	0	0.0	FP
FBgn0033651	GO:0035071	0	18	0	0.0	FN
FBgn0039664	GO:0016432	2	2	0	0.0	FP
FBgn0037363	GO:0016432	33	2	0	0.0	FN
FBgn0263477	GO:0005730	0	301	0	0.0	FP
FBgn0029909	GO:0005730	9	301	0	0.0	FN
FBgn0031758	GO:0009409	23	6	0	0.0	FP
FBgn0260934	GO:0009409	249	6	0	0.0	FN
FBgn0051643	GO:0044528	2	8	0	0.0	FP
FBgn0039114	GO:0044528	9	8	0	0.0	FN
FBgn0000578	GO:0030424	73	161	5	0.021367521367521368	FP
FBgn0039576	GO:0030424	13	161	0	0.0	FN
FBgn0031894	GO:0005634	15	2250	7	0.0030905077262693157	FP
FBgn0033942	GO:0005634	12	2250	2	0.0008841732979664014	FN
FBgn0262127	GO:0016477	35	57	0	0.0	FP
FBgn0003255	GO:0016477	121	57	0	0.0	FN
FBgn0037363	GO:0019901	33	61	2	0.02127659574468085	FP
FBgn0036318	GO:0019901	37	61	0	0.0	FN
FBgn0038197	GO:0005634	192	2250	76	0.031122031122031123	FP
FBgn0263772	GO:0005634	9	2250	2	0.0008853474988933156	FN
FBgn0003507	GO:0007391	17	104	1	0.008264462809917356	FP
FBgn0086710	GO:0007391	170	104	1	0.0036496350364963502	FN
FBgn0011829	GO:0006468	30	238	8	0.029850746268656716	FP
FBgn0003996	GO:0006468	31	238	2	0.007434944237918215	FN
FBgn0000259	GO:0019887	376	26	3	0.007462686567164179	FP
FBgn0030310	GO:0019887	6	26	0	0.0	FN
FBgn0032195	GO:0005739	42	623	4	0.006015037593984963	FP
FBgn0036289	GO:0005739	15	623	0	0.0	FN
FBgn0039668	GO:0012505	7	202	0	0.0	FP
FBgn0267430	GO:0012505	1	202	0	0.0	FN
FBgn0051528	GO:0031593	0	10	0	0.0	FP
FBgn0036144	GO:0031593	2	10	0	0.0	FN
FBgn0038432	GO:0006629	4	92	0	0.0	FP
FBgn0037555	GO:0006629	199	92	0	0.0	FN
FBgn0035529	GO:0009055	5	16	0	0.0	FP
FBgn0283545	GO:0009055	25	16	0	0.0	FN
FBgn0000615	GO:0045450	99	22	0	0.0	FP
FBgn0032981	GO:0045450	24	22	0	0.0	FN
FBgn0003444	GO:0007417	31	85	0	0.0	FP
FBgn0003285	GO:0007417	20	85	0	0.0	FN
FBgn0038678	GO:0003735	15	290	1	0.003278688524590164	FP
FBgn0032467	GO:0003735	33	290	1	0.0030959752321981426	FN
FBgn0034310	GO:0006406	42	28	3	0.04285714285714286	FP
FBgn0034622	GO:0006406	7	28	0	0.0	FN
FBgn0004436	GO:0032436	59	47	1	0.009433962264150943	FP
FBgn0031627	GO:0032436	1	47	0	0.0	FN
FBgn0029175	GO:0030206	56	5	0	0.0	FP
FBgn0266670	GO:0030206	75	5	0	0.0	FN
FBgn0050481	GO:0035167	6	32	0	0.0	FP
FBgn0046687	GO:0035167	15	32	0	0.0	FN
FBgn0260484	GO:0032991	53	77	0	0.0	FP
FBgn0031696	GO:0032991	98	77	1	0.005714285714285714	FN
FBgn0053552	GO:0005634	0	2250	0	0.0	FP
FBgn0267348	GO:0005634	35	2250	8	0.00350109409190372	FN
FBgn0264979	GO:0016298	5	39	0	0.0	FP
FBgn0259729	GO:0016298	35	39	0	0.0	FN
FBgn0020496	GO:0051287	185	32	0	0.0	FP
FBgn0001085	GO:0051287	60	32	0	0.0	FN
FBgn0250832	GO:0001664	0	34	0	0.0	FP
FBgn0038678	GO:0001664	15	34	0	0.0	FN
FBgn0035238	GO:0005575	7	2646	1	0.0003769317753486619	FP
FBgn0038571	GO:0005575	181	2646	3	0.0010611956137247967	FN
FBgn0029840	GO:0010506	77	39	3	0.02586206896551724	FP
FBgn0039463	GO:0010506	2	39	0	0.0	FN
FBgn0040236	GO:0003674	4	3150	0	0.0	FP
FBgn0034970	GO:0003674	123	3150	1	0.00030553009471432935	FN
FBgn0013277	GO:0009408	77	65	6	0.04225352112676056	FP
FBgn0027491	GO:0009408	7	65	0	0.0	FN
FBgn0032297	GO:0042325	22	5	0	0.0	FP
FBgn0033069	GO:0042325	4	5	0	0.0	FN
FBgn0003373	GO:0005201	0	29	0	0.0	FP
FBgn0016650	GO:0005201	26	29	0	0.0	FN
FBgn0039139	GO:0080009	36	9	2	0.044444444444444446	FP
FBgn0015872	GO:0080009	83	9	0	0.0	FN
FBgn0004898	GO:0000978	2	368	0	0.0	FP
FBgn0286898	GO:0000978	0	368	0	0.0	FN
FBgn0038309	GO:0016020	45	1524	32	0.020395156150414276	FP
FBgn0034157	GO:0016020	2	1524	0	0.0	FN
FBgn0261790	GO:0005681	51	52	18	0.17475728155339806	TP
FBgn0000376	GO:0005681	5	52	0	0.0	FN
FBgn0004647	GO:0010628	427	75	12	0.02390438247011952	FP
FBgn0027546	GO:0010628	62	75	0	0.0	FN
FBgn0250910	GO:0008227	3	18	0	0.0	FP
FBgn0030930	GO:0008227	13	18	0	0.0	FN
FBgn0283451	GO:0001217	19	4	0	0.0	FP
FBgn0284084	GO:0001217	16	4	0	0.0	FN
FBgn0052206	GO:0005886	4	1052	0	0.0	FP
FBgn0053901	GO:0005886	0	1052	0	0.0	FN
FBgn0032456	GO:0005886	193	1052	37	0.02971887550200803	FP
FBgn0053552	GO:0005886	0	1052	0	0.0	FN
FBgn0000715	GO:0071855	3	11	0	0.0	FP
FBgn0036716	GO:0071855	6	11	0	0.0	FN
FBgn0036837	GO:0046475	12	6	0	0.0	FP
FBgn0004644	GO:0046475	28	6	0	0.0	FN
FBgn0015664	GO:0005634	43	2250	20	0.00872219799389446	FP
FBgn0039140	GO:0005634	41	2250	16	0.006983849847228284	FN
FBgn0262370	GO:0048132	0	19	0	0.0	FP
FBgn0259705	GO:0048132	2	19	0	0.0	FN
FBgn0261797	GO:0007052	128	50	3	0.016853932584269662	FP
FBgn0010194	GO:0007052	30	50	0	0.0	FN
FBgn0001078	GO:0016322	72	43	0	0.0	FP
FBgn0013696	GO:0016322	0	43	0	0.0	FN
FBgn0029853	GO:0004843	11	40	0	0.0	FP
FBgn0015789	GO:0004843	135	40	0	0.0	FN
FBgn0035640	GO:0005737	113	1863	34	0.01720647773279352	FP
FBgn0011866	GO:0005737	0	1863	0	0.0	FN
FBgn0052380	GO:0047493	7	1	0	0.0	FP
FBgn0031106	GO:0047493	105	1	0	0.0	FN
FBgn0038140	GO:0004930	4	113	0	0.0	FP
FBgn0036161	GO:0004930	21	113	0	0.0	FN
FBgn0287873	GO:0090175	0	20	0	0.0	FP
FBgn0004197	GO:0090175	23	20	2	0.046511627906976744	TN
FBgn0038422	GO:0008061	0	123	0	0.0	FP
FBgn0264273	GO:0008061	4	123	0	0.0	FN
FBgn0021814	GO:0000813	71	6	5	0.06493506493506493	FP
FBgn0266346	GO:0000813	7	6	0	0.0	FN
FBgn0086677	GO:0007169	3	29	1	0.03125	FP
FBgn0032020	GO:0007169	38	29	0	0.0	FN
FBgn0039140	GO:0047497	41	4	1	0.022222222222222223	FP
FBgn0003386	GO:0047497	6	4	0	0.0	FN
FBgn0004197	GO:0042688	23	5	1	0.03571428571428571	FP
FBgn0051072	GO:0042688	0	5	0	0.0	FN
FBgn0010313	GO:0010468	16	96	1	0.008928571428571428	FP
FBgn0029175	GO:0010468	56	96	1	0.006578947368421052	FN
FBgn0031309	GO:0006367	29	46	8	0.10666666666666667	TP
FBgn0019990	GO:0006367	71	46	0	0.0	FN
FBgn0025455	GO:0008024	40	4	1	0.022727272727272728	FP
FBgn0036260	GO:0008024	0	4	0	0.0	FN
FBgn0015544	GO:2000672	34	1	0	0.0	FP
FBgn0000239	GO:2000672	41	1	0	0.0	FN
FBgn0036496	GO:0003729	9	205	2	0.009345794392523364	FP
FBgn0003256	GO:0003729	381	205	10	0.017064846416382253	TN
FBgn0039749	GO:0035694	5	1	0	0.0	FP
FBgn0262486	GO:0035694	0	1	0	0.0	FN
FBgn0052671	GO:0006904	0	12	0	0.0	FP
FBgn0000808	GO:0006904	5	12	0	0.0	FN
FBgn0020261	GO:0010629	123	73	1	0.00510204081632653	FP
FBgn0035529	GO:0010629	5	73	0	0.0	FN
FBgn0032467	GO:0034450	33	5	0	0.0	FP
FBgn0002932	GO:0034450	176	5	0	0.0	FN
FBgn0013753	GO:0003713	51	82	1	0.007518796992481203	FP
FBgn0013753	GO:0003713	51	82	1	0.007518796992481203	FN
FBgn0014342	GO:0048515	5	15	0	0.0	FP
FBgn0013997	GO:0048515	66	15	0	0.0	FN
FBgn0041781	GO:0007520	61	32	7	0.07526881720430108	FP
FBgn0015299	GO:0007520	62	32	0	0.0	FN
FBgn0035331	GO:0008188	2	43	0	0.0	FP
FBgn0031758	GO:0008188	23	43	0	0.0	FN
FBgn0033521	GO:0045454	28	20	3	0.0625	FP
FBgn0287775	GO:0045454	0	20	0	0.0	FN
FBgn0033129	GO:0003674	0	3150	0	0.0	FP
FBgn0263832	GO:0003674	172	3150	8	0.002408187838651415	FN
FBgn0000250	GO:0045751	135	18	2	0.013071895424836602	FP
FBgn0044811	GO:0045751	0	18	0	0.0	FN
FBgn0003209	GO:0007417	13	85	0	0.0	FP
FBgn0033679	GO:0007417	67	85	1	0.006578947368421052	FN
FBgn0036716	GO:0005543	6	38	0	0.0	FP
FBgn0036996	GO:0005543	24	38	0	0.0	FN
FBgn0031725	GO:0005886	8	1052	5	0.0047169811320754715	FP
FBgn0053958	GO:0005886	0	1052	0	0.0	FN
FBgn0001085	GO:0060250	60	23	6	0.07228915662650602	FP
FBgn0011225	GO:0060250	54	23	1	0.012987012987012988	TN
FBgn0086711	GO:0005886	25	1052	0	0.0	FP
FBgn0262872	GO:0005886	23	1052	4	0.0037209302325581397	FN
FBgn0028471	GO:1900364	1456	3	0	0.0	FP
FBgn0030365	GO:1900364	140	3	0	0.0	FN
FBgn0265575	GO:0035442	14	1	0	0.0	FP
FBgn0285937	GO:0035442	56	1	0	0.0	FN
FBgn0038320	GO:0030031	54	18	3	0.041666666666666664	FP
FBgn0259937	GO:0030031	174	18	0	0.0	FN
FBgn0038320	GO:0008360	54	38	6	0.06521739130434782	FP
FBgn0013987	GO:0008360	54	38	0	0.0	FN
FBgn0053523	GO:0012505	102	202	7	0.023026315789473683	FP
FBgn0261393	GO:0012505	5	202	0	0.0	FN
FBgn0033121	GO:0005506	131	151	60	0.2127659574468085	TP
FBgn0260446	GO:0005506	0	151	0	0.0	FN
FBgn0029897	GO:0002181	151	101	57	0.2261904761904762	TP
FBgn0029905	GO:0002181	47	101	0	0.0	FN
FBgn0031860	GO:0016491	21	215	1	0.00423728813559322	FP
FBgn0035996	GO:0016491	1	215	0	0.0	FN
FBgn0263606	GO:0001671	10	20	0	0.0	FP
FBgn0004882	GO:0001671	46	20	0	0.0	FN
FBgn0087041	GO:0097730	0	10	0	0.0	FP
FBgn0034878	GO:0097730	8	10	0	0.0	FN
FBgn0019990	GO:0045793	71	41	2	0.017857142857142856	FP
FBgn0046878	GO:0045793	0	41	0	0.0	FN
FBgn0283536	GO:0016471	6	10	0	0.0	FP
FBgn0047038	GO:0016471	3	10	0	0.0	FN
FBgn0013987	GO:0005516	54	38	1	0.010869565217391304	FP
FBgn0031995	GO:0005516	21	38	3	0.05084745762711865	TN
FBgn0002932	GO:0007423	176	56	9	0.03879310344827586	FP
FBgn0035640	GO:0007423	113	56	0	0.0	FN
FBgn0011762	GO:0006261	35	25	5	0.08333333333333333	FP
FBgn0025776	GO:0006261	1	25	0	0.0	FN
FBgn0015803	GO:0046621	66	19	1	0.011764705882352941	FP
FBgn0053845	GO:0046621	0	19	0	0.0	FN
FBgn0043593	GO:0003674	0	3150	0	0.0	FP
FBgn0003612	GO:0003674	288	3150	5	0.0014543339150668994	FN
FBgn0030872	GO:0031966	2	24	0	0.0	FP
FBgn0020496	GO:0031966	185	24	0	0.0	FN
FBgn0030766	GO:0007166	0	36	0	0.0	FP
FBgn0016976	GO:0007166	3	36	0	0.0	FN
FBgn0013725	GO:0007465	39	22	3	0.04918032786885246	FP
FBgn0015805	GO:0007465	405	22	4	0.00936768149882904	FN
FBgn0029687	GO:0005789	249	171	17	0.04047619047619048	FP
FBgn0261934	GO:0005789	10	171	0	0.0	FN
FBgn0000376	GO:0007379	5	20	0	0.0	FP
FBgn0001079	GO:0007379	71	20	1	0.01098901098901099	TN
FBgn0020299	GO:0007427	42	36	1	0.01282051282051282	FP
FBgn0263266	GO:0007427	0	36	0	0.0	FN
FBgn0003867	GO:0005615	40	685	1	0.001379310344827586	FP
FBgn0283536	GO:0005615	6	685	0	0.0	FN
FBgn0004863	GO:0035218	72	11	1	0.012048192771084338	FP
FBgn0029006	GO:0035218	307	11	1	0.0031446540880503146	FN
FBgn0032236	GO:0006412	88	558	4	0.006191950464396285	FP
FBgn0263599	GO:0006412	223	558	3	0.0038412291933418692	FN
FBgn0266107	GO:0007143	0	43	0	0.0	FP
FBgn0032821	GO:0007143	11	43	1	0.018518518518518517	TN
FBgn0025382	GO:0031982	14	60	1	0.013513513513513514	FP
FBgn0029898	GO:0031982	1	60	0	0.0	FN
FBgn0033238	GO:0043065	5	41	0	0.0	FP
FBgn0000117	GO:0043065	409	41	6	0.013333333333333334	TN
FBgn0036282	GO:0010629	6	73	1	0.012658227848101266	FP
FBgn0032433	GO:0010629	0	73	0	0.0	FN
FBgn0004198	GO:0060288	63	5	0	0.0	FP
FBgn0263111	GO:0060288	109	5	1	0.008771929824561403	FN
FBgn0017578	GO:0005634	110	2250	47	0.019915254237288134	FP
FBgn0052670	GO:0005634	0	2250	0	0.0	FN
FBgn0085382	GO:0005886	43	1052	6	0.005479452054794521	FP
FBgn0015721	GO:0005886	64	1052	8	0.007168458781362007	FN
FBgn0039599	GO:0008233	3	178	0	0.0	FP
FBgn0285910	GO:0008233	33	178	0	0.0	FN
FBgn0036239	GO:0004535	133	3	1	0.007352941176470588	FP
FBgn0287225	GO:0004535	0	3	0	0.0	FN
FBgn0033429	GO:0005575	1	2646	0	0.0	FP
FBgn0039250	GO:0005575	10	2646	0	0.0	FN
FBgn0086710	GO:0003735	170	290	46	0.1	FP
FBgn0039336	GO:0003735	78	290	0	0.0	FN
FBgn0026378	GO:0016020	68	1524	0	0.0	FP
FBgn0016693	GO:0016020	98	1524	24	0.014796547472256474	TN
FBgn0039188	GO:0000139	56	67	0	0.0	FP
FBgn0261953	GO:0000139	79	67	0	0.0	FN
FBgn0051441	GO:0005634	1	2250	0	0.0	FP
FBgn0263197	GO:0005634	59	2250	22	0.009527934170636639	FN
FBgn0014861	GO:0030261	91	55	6	0.0410958904109589	FP
FBgn0038371	GO:0030261	11	55	0	0.0	FN
FBgn0035975	GO:0009253	9	14	0	0.0	FP
FBgn0014861	GO:0009253	91	14	0	0.0	FN
FBgn0086785	GO:0042981	18	33	2	0.0392156862745098	FP
FBgn0033159	GO:0042981	20	33	0	0.0	FN
FBgn0040726	GO:0005886	4	1052	3	0.002840909090909091	FP
FBgn0038747	GO:0005886	64	1052	10	0.008960573476702509	FN
FBgn0031627	GO:0045433	1	15	0	0.0	FP
FBgn0038032	GO:0045433	1	15	0	0.0	FN
FBgn0004859	GO:0007224	186	10	4	0.02040816326530612	FP
FBgn0015754	GO:0007224	65	10	0	0.0	FN
FBgn0026181	GO:0006468	46	238	5	0.017605633802816902	FP
FBgn0000114	GO:0006468	43	238	2	0.0071174377224199285	FN
FBgn0031231	GO:0005762	21	50	1	0.014084507042253521	FP
FBgn0265575	GO:0005762	14	50	0	0.0	FN
FBgn0262486	GO:0003674	0	3150	0	0.0	FP
FBgn0036279	GO:0003674	17	3150	0	0.0	FN
FBgn0069298	GO:0005575	0	2646	0	0.0	FP
FBgn0003189	GO:0005575	177	2646	2	0.0007084661707403471	FN
FBgn0003964	GO:0008230	62	3	2	0.03076923076923077	FP
FBgn0011280	GO:0008230	6	3	0	0.0	FN
FBgn0000352	GO:0003774	35	21	0	0.0	FP
FBgn0051643	GO:0003774	2	21	0	0.0	FN
FBgn0015805	GO:0006355	405	502	87	0.09592061742006615	FP
FBgn0033341	GO:0006355	69	502	9	0.01576182136602452	TN
FBgn0010313	GO:0005515	16	958	7	0.007186858316221766	FP
FBgn0015279	GO:0005515	90	958	25	0.02385496183206107	TN
FBgn0031275	GO:0030431	2	58	0	0.0	FP
FBgn0033556	GO:0030431	24	58	0	0.0	FN
FBgn0038916	GO:0005737	11	1863	2	0.0010672358591248667	FP
FBgn0031057	GO:0005737	215	1863	50	0.02406159769008662	TN
FBgn0034564	GO:0005688	54	10	6	0.09375	FP
FBgn0261381	GO:0005688	2	10	0	0.0	FN
FBgn0263396	GO:0005634	137	2250	62	0.025974025974025976	FP
FBgn0030806	GO:0005634	14	2250	5	0.002208480565371025	FN
FBgn0039860	GO:0000978	18	368	2	0.0051813471502590676	FP
FBgn0014342	GO:0000978	5	368	0	0.0	FN
FBgn0035481	GO:0000978	1	368	0	0.0	FP
FBgn0035238	GO:0000978	7	368	0	0.0	FN
FBgn0023094	GO:0007623	28	45	7	0.0958904109589041	FP
FBgn0266673	GO:0007623	117	45	1	0.006172839506172839	FN
FBgn0267972	GO:0034976	35	36	3	0.04225352112676056	FP
FBgn0029789	GO:0034976	32	36	0	0.0	FN
FBgn0026417	GO:0000724	27	46	1	0.0136986301369863	FP
FBgn0000308	GO:0000724	112	46	0	0.0	FN
FBgn0263048	GO:0006072	4	9	0	0.0	FP
FBgn0035691	GO:0006072	77	9	0	0.0	FN
FBgn0004813	GO:0003674	0	3150	0	0.0	FP
FBgn0024983	GO:0003674	48	3150	1	0.00031269543464665416	FN
FBgn0061492	GO:0018991	2	11	0	0.0	FP
FBgn0053389	GO:0018991	0	11	0	0.0	FN
FBgn0001079	GO:0007224	71	10	4	0.04938271604938271	FP
FBgn0031725	GO:0007224	8	10	0	0.0	FN
FBgn0021796	GO:0048010	135	32	5	0.029940119760479042	FP
FBgn0025723	GO:0048010	0	32	0	0.0	FN
FBgn0036260	GO:0016056	0	9	0	0.0	FP
FBgn0038020	GO:0016056	50	9	0	0.0	FN
FBgn0003089	GO:0009950	28	25	5	0.09433962264150944	FP
FBgn0032002	GO:0009950	25	25	0	0.0	FN
FBgn0004057	GO:0009051	12	4	0	0.0	FP
FBgn0023083	GO:0009051	31	4	0	0.0	FN
FBgn0020496	GO:0090090	185	46	7	0.030303030303030304	FP
FBgn0037470	GO:0090090	113	46	2	0.012578616352201259	TN
FBgn0001079	GO:0007224	71	10	4	0.04938271604938271	FP
FBgn0052641	GO:0007224	1	10	0	0.0	FN
FBgn0029778	GO:0048749	31	115	2	0.0136986301369863	FP
FBgn0019990	GO:0048749	71	115	3	0.016129032258064516	TN
FBgn0039214	GO:0030307	19	30	1	0.02040816326530612	FP
FBgn0052069	GO:0030307	9	30	0	0.0	FN
FBgn0003330	GO:0061630	474	148	6	0.00964630225080386	FP
FBgn0030603	GO:0061630	23	148	1	0.005847953216374269	FN
FBgn0020388	GO:0006355	157	502	38	0.057663125948406675	FP
FBgn0039792	GO:0006355	3	502	0	0.0	FN
FBgn0039480	GO:0040003	0	166	0	0.0	FP
FBgn0031401	GO:0040003	70	166	1	0.00423728813559322	FN
FBgn0262081	GO:0045926	29	17	0	0.0	FP
FBgn0265778	GO:0045926	36	17	1	0.018867924528301886	TN
FBgn0010341	GO:0003924	108	148	2	0.0078125	FP
FBgn0267849	GO:0003924	76	148	0	0.0	FN
FBgn0037218	GO:0006468	26	238	3	0.011363636363636364	FP
FBgn0041721	GO:0006468	1	238	0	0.0	FN
FBgn0259729	GO:0005829	35	1082	8	0.007162041181736795	FP
FBgn0039860	GO:0005829	18	1082	1	0.0009090909090909091	FN
FBgn0039585	GO:0016573	18	10	0	0.0	FP
FBgn0003742	GO:0016573	51	10	0	0.0	FN
FBgn0013726	GO:0005739	94	623	2	0.002789400278940028	FP
FBgn0002753	GO:0005739	0	623	0	0.0	FN
FBgn0034389	GO:0046928	8	17	0	0.0	FP
FBgn0000578	GO:0046928	73	17	0	0.0	FN
FBgn0013733	GO:0007424	127	94	0	0.0	FP
FBgn0053870	GO:0007424	0	94	0	0.0	FN
FBgn0004882	GO:0007281	46	52	3	0.030612244897959183	FP
FBgn0261387	GO:0007281	36	52	0	0.0	FN
FBgn0013334	GO:0045202	26	101	0	0.0	FP
FBgn0015803	GO:0045202	66	101	1	0.005988023952095809	FN
FBgn0011648	GO:0030509	202	11	6	0.028169014084507043	FP
FBgn0028734	GO:0030509	249	11	1	0.0038461538461538464	FN
FBgn0036996	GO:0004771	24	2	0	0.0	FP
FBgn0010341	GO:0004771	108	2	0	0.0	FN
FBgn0036829	GO:0008066	4	20	0	0.0	FP
FBgn0015519	GO:0008066	6	20	0	0.0	FN
FBgn0051866	GO:0006357	20	615	3	0.004724409448818898	FP
FBgn0004367	GO:0006357	102	615	6	0.008368200836820083	FN
FBgn0025583	GO:0005576	2	499	0	0.0	FP
FBgn0002031	GO:0005576	142	499	1	0.0015600624024961	FN
FBgn0287720	GO:0005634	0	2250	0	0.0	FP
FBgn0000490	GO:0005634	46	2250	10	0.004355400696864111	FN
FBgn0266438	GO:0006506	3	29	0	0.0	FP
FBgn0053286	GO:0006506	3	29	0	0.0	FN
FBgn0031229	GO:0071011	71	142	19	0.0892018779342723	FP
FBgn0024248	GO:0071011	100	142	1	0.004132231404958678	FN
FBgn0003742	GO:0003676	51	369	18	0.04285714285714286	FP
FBgn0039306	GO:0003676	106	369	9	0.018947368421052633	TN
FBgn0028550	GO:0005634	3	2250	1	0.0004438526409232135	FP
FBgn0002709	GO:0005634	10	2250	1	0.0004424778761061947	FN
FBgn0038032	GO:0035336	1	18	0	0.0	FP
FBgn0029672	GO:0035336	76	18	0	0.0	FN
FBgn0015622	GO:0006457	176	92	10	0.03731343283582089	FP
FBgn0038474	GO:0006457	10	92	1	0.00980392156862745	FN
FBgn0039019	GO:0032991	18	77	3	0.031578947368421054	FP
FBgn0050096	GO:0032991	0	77	0	0.0	FN
FBgn0029672	GO:0042254	76	28	2	0.019230769230769232	FP
FBgn0266107	GO:0042254	0	28	0	0.0	FN
FBgn0032013	GO:0016012	10	3	2	0.15384615384615385	TP
FBgn0032006	GO:0016012	93	3	0	0.0	FN
FBgn0262617	GO:0004672	123	231	8	0.022598870056497175	FP
FBgn0032857	GO:0004672	16	231	0	0.0	FN
FBgn0029694	GO:0003674	0	3150	0	0.0	FP
FBgn0024234	GO:0003674	17	3150	0	0.0	FN
FBgn0013997	GO:0072553	66	14	0	0.0	FP
FBgn0005664	GO:0072553	4	14	0	0.0	FN
FBgn0020381	GO:0006963	139	26	7	0.04242424242424243	FP
FBgn0005672	GO:0006963	355	26	2	0.005249343832020997	FN
FBgn0025800	GO:0042593	412	42	6	0.013215859030837005	FP
FBgn0260484	GO:0042593	53	42	0	0.0	FN
FBgn0267348	GO:0034446	35	9	2	0.045454545454545456	FP
FBgn0024947	GO:0034446	45	9	0	0.0	FN
FBgn0086707	GO:0000398	37	229	18	0.06766917293233082	FP
FBgn0264493	GO:0000398	67	229	4	0.013513513513513514	TN
FBgn0023508	GO:0005768	57	80	5	0.0364963503649635	FP
FBgn0262370	GO:0005768	0	80	0	0.0	FN
FBgn0004507	GO:0008340	103	174	2	0.007220216606498195	FP
FBgn0038320	GO:0008340	54	174	1	0.0043859649122807015	FN
FBgn0032849	GO:0005763	9	30	1	0.02564102564102564	FP
FBgn0025800	GO:0005763	412	30	2	0.004524886877828055	FN
FBgn0000635	GO:0031594	693	96	15	0.019011406844106463	FP
FBgn0259817	GO:0031594	0	96	0	0.0	FN
FBgn0003978	GO:0005737	62	1863	18	0.00935064935064935	FP
FBgn0033378	GO:0005737	33	1863	11	0.0058016877637130804	FN
FBgn0011225	GO:0003779	54	76	3	0.023076923076923078	FP
FBgn0263930	GO:0003779	218	76	3	0.01020408163265306	TN
FBgn0052719	GO:0008150	1	1771	0	0.0	FP
FBgn0024277	GO:0008150	42	1771	0	0.0	FN
FBgn0003255	GO:0001837	121	4	0	0.0	FP
FBgn0261797	GO:0001837	128	4	0	0.0	FN
FBgn0262656	GO:0042023	479	18	4	0.008048289738430584	FP
FBgn0283724	GO:0042023	16	18	0	0.0	FN
FBgn0020616	GO:0007064	45	12	4	0.07017543859649122	FP
FBgn0262685	GO:0007064	2	12	0	0.0	FN
FBgn0026565	GO:0005737	28	1863	12	0.006345848757271285	FP
FBgn0037301	GO:0005737	138	1863	44	0.021989005497251374	TN
FBgn0000022	GO:0006355	26	502	8	0.015151515151515152	FP
FBgn0005655	GO:0006355	322	502	16	0.019417475728155338	TN
FBgn0011599	GO:0003674	0	3150	0	0.0	FP
FBgn0052330	GO:0003674	0	3150	0	0.0	FN
FBgn0052670	GO:0072659	0	41	0	0.0	FP
FBgn0034878	GO:0072659	8	41	0	0.0	FN
FBgn0036279	GO:1902476	17	26	0	0.0	FP
FBgn0086657	GO:1902476	360	26	0	0.0	FN
FBgn0013693	GO:0033402	0	9	0	0.0	FP
FBgn0028663	GO:0033402	6	9	0	0.0	FN
FBgn0259113	GO:0003682	68	174	5	0.02066115702479339	FP
FBgn0039857	GO:0003682	167	174	5	0.01466275659824047	TN
FBgn0038980	GO:0004989	0	6	0	0.0	FP
FBgn0260945	GO:0004989	161	6	0	0.0	FN
FBgn0264959	GO:0007391	72	104	12	0.06818181818181818	FP
FBgn0267327	GO:0007391	0	104	0	0.0	FN
FBgn0031504	GO:0005739	3	623	0	0.0	FP
FBgn0031266	GO:0005739	113	623	0	0.0	FN
FBgn0034259	GO:0005739	371	623	30	0.030181086519114688	FP
FBgn0034072	GO:0005739	6	623	0	0.0	FN
FBgn0011928	GO:0033436	0	13	0	0.0	FP
FBgn0026181	GO:0033436	46	13	0	0.0	FN
FBgn0003687	GO:0000126	208	4	2	0.009433962264150943	FP
FBgn0031659	GO:0000126	9	4	0	0.0	FN
FBgn0000719	GO:0040034	53	13	0	0.0	FP
FBgn0000257	GO:0040034	28	13	0	0.0	FN
FBgn0263602	GO:0008798	25	5	0	0.0	FP
FBgn0030092	GO:0008798	79	5	0	0.0	FN
FBgn0037116	GO:0005085	14	84	0	0.0	FP
FBgn0034062	GO:0005085	4	84	0	0.0	FN
FBgn0037263	GO:0033557	50	2	1	0.019230769230769232	FP
FBgn0250832	GO:0033557	0	2	0	0.0	FN
FBgn0285955	GO:0007274	27	57	0	0.0	FP
FBgn0087008	GO:0007274	29	57	1	0.011627906976744186	TN
FBgn0010015	GO:0006470	112	87	3	0.01507537688442211	FP
FBgn0037369	GO:0006470	14	87	0	0.0	FN
FBgn0263772	GO:0000122	9	222	0	0.0	FP
FBgn0000629	GO:0000122	182	222	20	0.04950495049504951	TN
FBgn0000317	GO:0007469	19	11	0	0.0	FP
FBgn0052719	GO:0007469	1	11	0	0.0	FN
FBgn0039044	GO:0042771	207	3	0	0.0	FP
FBgn0086707	GO:0042771	37	3	0	0.0	FN
FBgn0014011	GO:0043652	136	11	2	0.013605442176870748	FP
FBgn0285911	GO:0043652	7	11	0	0.0	FN
FBgn0001073	GO:0005575	0	2646	0	0.0	FP
FBgn0086908	GO:0005575	99	2646	4	0.0014571948998178506	FN
FBgn0000568	GO:0003677	8	610	0	0.0	FP
FBgn0034451	GO:0003677	16	610	0	0.0	FN
FBgn0005616	GO:0003677	27	610	2	0.0031397174254317113	FP
FBgn0038918	GO:0003677	1	610	0	0.0	FN
FBgn0003345	GO:0005515	43	958	16	0.015984015984015984	FP
FBgn0011715	GO:0005515	214	958	58	0.04948805460750853	TN
FBgn0000239	GO:0045880	41	44	2	0.023529411764705882	FP
FBgn0004859	GO:0045880	186	44	11	0.04782608695652174	TN
FBgn0000490	GO:0005515	46	958	20	0.0199203187250996	FP
FBgn0036141	GO:0005515	46	958	7	0.0069721115537848604	FN
FBgn0053771	GO:0005575	0	2646	0	0.0	FP
FBgn0039543	GO:0005575	31	2646	1	0.00037355248412401944	FN
FBgn0036875	GO:0005634	0	2250	0	0.0	FP
FBgn0086712	GO:0005634	6	2250	0	0.0	FN
FBgn0032020	GO:0005085	38	84	1	0.00819672131147541	FP
FBgn0010246	GO:0005085	124	84	0	0.0	FN
FBgn0285896	GO:0008543	7	25	1	0.03125	FP
FBgn0034964	GO:0008543	46	25	0	0.0	FN
FBgn0053882	GO:0003677	0	610	0	0.0	FP
FBgn0038887	GO:0003677	79	610	3	0.0043541364296081275	FN
FBgn0015519	GO:0022848	6	11	1	0.058823529411764705	FP
FBgn0053846	GO:0022848	0	11	0	0.0	FN
FBgn0267849	GO:0005515	76	958	12	0.01160541586073501	FP
FBgn0010316	GO:0005515	51	958	15	0.014866204162537165	TN
FBgn0040475	GO:0015031	51	44	0	0.0	FP
FBgn0028422	GO:0015031	2	44	0	0.0	FN
FBgn0043591	GO:0003674	0	3150	0	0.0	FP
FBgn0000414	GO:0003674	14	3150	0	0.0	FN
FBgn0024365	GO:0006884	2	7	0	0.0	FP
FBgn0032822	GO:0006884	17	7	0	0.0	FN
FBgn0044000	GO:0003674	0	3150	0	0.0	FP
FBgn0039214	GO:0003674	19	3150	0	0.0	FN
FBgn0000253	GO:0031475	347	3	1	0.002857142857142857	FP
FBgn0261239	GO:0031475	35	3	0	0.0	FN
FBgn0265959	GO:0005509	7	205	2	0.009433962264150943	FP
FBgn0003607	GO:0005509	125	205	2	0.006060606060606061	FN
FBgn0030092	GO:0045823	79	3	0	0.0	FP
FBgn0001311	GO:0045823	24	3	0	0.0	FN
FBgn0003386	GO:0055085	6	388	1	0.0025380710659898475	FP
FBgn0045052	GO:0055085	0	388	0	0.0	FN
FBgn0033301	GO:0030246	0	81	0	0.0	FP
FBgn0014863	GO:0030246	29	81	1	0.00909090909090909	FN
FBgn0040268	GO:0003916	24	3	0	0.0	FP
FBgn0051441	GO:0003916	1	3	0	0.0	FN
FBgn0004414	GO:0005615	0	685	0	0.0	FP
FBgn0033948	GO:0005615	6	685	0	0.0	FN
FBgn0050056	GO:0003674	0	3150	0	0.0	FP
FBgn0024196	GO:0003674	89	3150	8	0.002469898116702686	FN
FBgn0262739	GO:0070578	133	9	2	0.014084507042253521	FP
FBgn0036925	GO:0070578	3	9	0	0.0	FN
FBgn0266670	GO:0031594	75	96	2	0.011695906432748537	FP
FBgn0036476	GO:0031594	49	96	1	0.006896551724137931	FN
FBgn0016684	GO:0015114	58	6	4	0.0625	FP
FBgn0010105	GO:0015114	4	6	0	0.0	FN
FBgn0263832	GO:0002151	172	2	0	0.0	FP
FBgn0036397	GO:0002151	12	2	0	0.0	FN
FBgn0003897	GO:0008355	0	40	0	0.0	FP
FBgn0000463	GO:0008355	50	40	1	0.011111111111111112	TN
FBgn0005596	GO:0042585	21	6	1	0.037037037037037035	FP
FBgn0010416	GO:0042585	54	6	0	0.0	FN
FBgn0040005	GO:0005783	11	315	0	0.0	FP
FBgn0030959	GO:0005783	2	315	0	0.0	FN
FBgn0034318	GO:0030246	28	81	0	0.0	FP
FBgn0267698	GO:0030246	188	81	1	0.0037174721189591076	FN
FBgn0046687	GO:0008354	15	36	0	0.0	FP
FBgn0001259	GO:0008354	7	36	0	0.0	FN
FBgn0032822	GO:0003676	17	369	3	0.007772020725388601	FP
FBgn0029853	GO:0003676	11	369	2	0.005263157894736842	FN
FBgn0052451	GO:0019722	41	14	0	0.0	FP
FBgn0024189	GO:0019722	98	14	2	0.017857142857142856	TN
FBgn0067102	GO:0008120	1	1	0	0.0	FP
FBgn0026404	GO:0008120	24	1	0	0.0	FN
FBgn0015296	GO:0007173	115	25	6	0.04285714285714286	FP
FBgn0010263	GO:0007173	1002	25	6	0.005842259006815969	FN
FBgn0011225	GO:0007560	54	10	0	0.0	FP
FBgn0011224	GO:0007560	123	10	0	0.0	FN
FBgn0031231	GO:0003735	21	290	0	0.0	FP
FBgn0086690	GO:0003735	68	290	0	0.0	FN
FBgn0266573	GO:0006412	0	558	0	0.0	FP
FBgn0004414	GO:0006412	0	558	0	0.0	FN
FBgn0028982	GO:0003677	62	610	8	0.011904761904761904	FP
FBgn0004066	GO:0003677	260	610	6	0.006896551724137931	FN
FBgn0035240	GO:0016624	32	6	1	0.02631578947368421	FP
FBgn0266580	GO:0016624	297	6	0	0.0	FN
FBgn0260634	GO:0003743	51	51	3	0.029411764705882353	FP
FBgn0000182	GO:0003743	18	51	0	0.0	FN
FBgn0285910	GO:0007035	33	12	2	0.044444444444444446	FP
FBgn0267376	GO:0007035	8	12	0	0.0	FN
FBgn0033101	GO:0004032	54	8	1	0.016129032258064516	FP
FBgn0035975	GO:0004032	9	8	0	0.0	FN
FBgn0034091	GO:0051082	48	69	1	0.008547008547008548	FP
FBgn0260945	GO:0051082	161	69	1	0.004347826086956522	FN
FBgn0000117	GO:0001745	409	119	22	0.041666666666666664	FP
FBgn0052062	GO:0001745	61	119	3	0.016666666666666666	TN
FBgn0033159	GO:0005886	20	1052	7	0.0065298507462686565	FP
FBgn0052673	GO:0005886	0	1052	0	0.0	FN
FBgn0053752	GO:0005575	0	2646	0	0.0	FP
FBgn0266538	GO:0005575	0	2646	0	0.0	FN
FBgn0039350	GO:0005634	31	2250	12	0.00526085050416484	FP
FBgn0020493	GO:0005634	16	2250	7	0.003089143865842895	FN
FBgn0040232	GO:0008574	53	13	1	0.015151515151515152	FP
FBgn0259972	GO:0008574	0	13	0	0.0	FN
FBgn0287225	GO:0005739	0	623	0	0.0	FP
FBgn0004436	GO:0005739	59	623	0	0.0	FN
FBgn0037301	GO:0097428	138	7	0	0.0	FP
FBgn0270926	GO:0097428	43	7	0	0.0	FN
FBgn0259738	GO:0005575	0	2646	0	0.0	FP
FBgn0015925	GO:0005575	89	2646	1	0.00036563071297989033	FN
FBgn0031696	GO:0006468	98	238	4	0.011904761904761904	FP
FBgn0263697	GO:0006468	16	238	0	0.0	FN
FBgn0003612	GO:0046426	288	20	2	0.006493506493506494	FP
FBgn0000667	GO:0046426	207	20	2	0.00881057268722467	FN
FBgn0283724	GO:0090136	16	3	0	0.0	FP
FBgn0287873	GO:0090136	0	3	0	0.0	FN
FBgn0039140	GO:0005515	41	958	13	0.013013013013013013	FP
FBgn0050022	GO:0005515	10	958	3	0.0030991735537190084	FN
FBgn0283657	GO:0043687	26	9	0	0.0	FP
FBgn0034802	GO:0043687	779	9	0	0.0	FN
FBgn0030310	GO:0050830	6	50	1	0.017857142857142856	FP
FBgn0001098	GO:0050830	79	50	0	0.0	FN
FBgn0250791	GO:0005483	193	3	2	0.01020408163265306	FP
FBgn0036239	GO:0005483	133	3	0	0.0	FN
FBgn0003865	GO:0061133	14	5	0	0.0	FP
FBgn0003660	GO:0061133	147	5	0	0.0	FN
FBgn0034727	GO:0003735	15	290	1	0.003278688524590164	FP
FBgn0011829	GO:0003735	30	290	0	0.0	FN
FBgn0262395	GO:0035195	1	156	0	0.0	FP
FBgn0040232	GO:0035195	53	156	0	0.0	FN
FBgn0261934	GO:0005575	10	2646	0	0.0	FP
FBgn0036179	GO:0005575	2	2646	0	0.0	FN
FBgn0004628	GO:0008150	0	1771	0	0.0	FP
FBgn0066367	GO:0008150	0	1771	0	0.0	FN
FBgn0039306	GO:0004672	106	231	11	0.032640949554896145	FP
FBgn0035850	GO:0004672	66	231	6	0.020202020202020204	TN
FBgn0002716	GO:0003677	16	610	2	0.003194888178913738	FP
FBgn0050481	GO:0003677	6	610	1	0.0016233766233766235	FN
FBgn0035944	GO:0016020	13	1524	3	0.001951854261548471	FP
FBgn0038320	GO:0016020	54	1524	3	0.0019011406844106464	FN
FBgn0002576	GO:0000981	58	415	13	0.02748414376321353	FP
FBgn0000352	GO:0000981	35	415	3	0.006666666666666667	FN
FBgn0011760	GO:0007290	232	4	0	0.0	FP
FBgn0036875	GO:0007290	0	4	0	0.0	FN
FBgn0031773	GO:0019005	19	64	2	0.024096385542168676	FP
FBgn0036875	GO:0019005	0	64	0	0.0	FN
FBgn0038767	GO:0006357	0	615	0	0.0	FP
FBgn0026565	GO:0006357	28	615	1	0.0015552099533437014	FN
FBgn0026371	GO:0007099	87	26	6	0.05309734513274336	FP
FBgn0005612	GO:0007099	1	26	0	0.0	FN
FBgn0053896	GO:0006325	0	120	0	0.0	FP
FBgn0038432	GO:0006325	4	120	0	0.0	FN
FBgn0027535	GO:0015014	38	6	2	0.045454545454545456	FP
FBgn0054015	GO:0015014	3	6	0	0.0	FN
FBgn0004864	GO:0007442	117	17	3	0.022388059701492536	FP
FBgn0003507	GO:0007442	17	17	0	0.0	FN
FBgn0011885	GO:0030533	0	290	0	0.0	FP
FBgn0035851	GO:0030533	41	290	0	0.0	FN
FBgn0037650	GO:0005615	0	685	0	0.0	FP
FBgn0001202	GO:0005615	54	685	1	0.0013531799729364006	FN
FBgn0016797	GO:0016055	94	20	6	0.05263157894736842	FP
FBgn0026598	GO:0016055	33	20	3	0.05660377358490566	TN
FBgn0039612	GO:0008233	1	178	0	0.0	FP
FBgn0051217	GO:0008233	7	178	0	0.0	FN
FBgn0032452	GO:0008150	66	1771	4	0.002177463255307567	FP
FBgn0046886	GO:0008150	0	1771	0	0.0	FN
FBgn0265574	GO:0000981	428	415	20	0.02372479240806643	FP
FBgn0262395	GO:0000981	1	415	0	0.0	FN
FBgn0032857	GO:0008757	16	86	0	0.0	FP
FBgn0259189	GO:0008757	0	86	0	0.0	FN
FBgn0026176	GO:0019005	127	64	26	0.13612565445026178	TP
FBgn0085421	GO:0019005	48	64	0	0.0	FN
FBgn0024330	GO:0005515	108	958	33	0.03095684803001876	FP
FBgn0261599	GO:0005515	78	958	16	0.015444015444015444	TN
FBgn0024196	GO:0005737	89	1863	10	0.005122950819672131	FP
FBgn0003292	GO:0005737	5	1863	2	0.0010706638115631692	FN
FBgn0052641	GO:0030544	1	17	0	0.0	FP
FBgn0039585	GO:0030544	18	17	0	0.0	FN
FBgn0039616	GO:0005783	0	315	0	0.0	FP
FBgn0001078	GO:0005783	72	315	1	0.002583979328165375	FN
FBgn0034964	GO:0003674	46	3150	6	0.0018773466833541927	FP
FBgn0003651	GO:0003674	48	3150	3	0.0009380863039399625	FN
FBgn0053901	GO:0003677	0	610	0	0.0	FP
FBgn0265317	GO:0003677	0	610	0	0.0	FN
FBgn0263599	GO:0000381	223	87	16	0.05161290322580645	FP
FBgn0004242	GO:0000381	30	87	0	0.0	FN
FBgn0015754	GO:0008104	65	69	1	0.007462686567164179	FP
FBgn0000535	GO:0008104	5	69	1	0.013513513513513514	TN
FBgn0038595	GO:0004252	1	280	0	0.0	FP
FBgn0010768	GO:0004252	5	280	0	0.0	FN
FBgn0004644	GO:0007224	28	10	6	0.15789473684210525	TP
FBgn0038385	GO:0007224	30	10	0	0.0	FN
FBgn0024227	GO:0004674	20	158	0	0.0	FP
FBgn0024833	GO:0004674	60	158	1	0.0045871559633027525	FN
FBgn0004837	GO:0090571	91	5	2	0.020833333333333332	FP
FBgn0029687	GO:0090571	249	5	0	0.0	FN
FBgn0034878	GO:0005634	8	2250	2	0.0008857395925597874	FP
FBgn0001073	GO:0005634	0	2250	0	0.0	FN
FBgn0041096	GO:0045214	63	35	2	0.02040816326530612	FP
FBgn0001226	GO:0045214	104	35	0	0.0	FN
FBgn0003514	GO:0090254	153	11	1	0.006097560975609756	FP
FBgn0028639	GO:0090254	0	11	0	0.0	FN
FBgn0033948	GO:0008270	6	516	1	0.0019157088122605363	FP
FBgn0030718	GO:0008270	11	516	0	0.0	FN
FBgn0024196	GO:0005868	89	31	9	0.075	FP
FBgn0038385	GO:0005868	30	31	0	0.0	FN
FBgn0037794	GO:0005634	28	2250	4	0.001755926251097454	FP
FBgn0026389	GO:0005634	1	2250	0	0.0	FN
FBgn0004583	GO:0098592	21	11	3	0.09375	FP
FBgn0036282	GO:0098592	6	11	0	0.0	FN
FBgn0263111	GO:0007269	109	52	1	0.006211180124223602	FP
FBgn0017578	GO:0007269	110	52	1	0.006172839506172839	FN
FBgn0267790	GO:0003730	145	122	5	0.018726591760299626	FP
FBgn0069313	GO:0003730	0	122	0	0.0	FN
FBgn0038473	GO:0005525	431	156	7	0.01192504258943782	FP
FBgn0052442	GO:0005525	41	156	0	0.0	FN
FBgn0005612	GO:0030154	1	65	0	0.0	FP
FBgn0040236	GO:0030154	4	65	0	0.0	FN
FBgn0028343	GO:0035307	10	4	0	0.0	FP
FBgn0086906	GO:0035307	22	4	0	0.0	FN
FBgn0034622	GO:0003674	7	3150	2	0.0006335128286347799	FP
FBgn0020299	GO:0003674	42	3150	0	0.0	FN
FBgn0011674	GO:0006403	17	3	1	0.05	FP
FBgn0003009	GO:0006403	1	3	0	0.0	FN
FBgn0036144	GO:0007422	2	54	0	0.0	FP
FBgn0086444	GO:0007422	66	54	1	0.008333333333333333	FN
FBgn0053002	GO:0003735	10	290	0	0.0	FP
FBgn0053835	GO:0003735	0	290	0	0.0	FN
FBgn0262396	GO:0035195	0	156	0	0.0	FP
FBgn0011956	GO:0035195	0	156	0	0.0	FN
FBgn0264273	GO:0016200	4	5	0	0.0	FP
FBgn0038301	GO:0016200	22	5	0	0.0	FN
FBgn0260970	GO:0061630	20	148	1	0.005952380952380952	FP
FBgn0265959	GO:0061630	7	148	0	0.0	FN
FBgn0260945	GO:0006914	161	56	14	0.06451612903225806	FP
FBgn0005355	GO:0006914	38	56	1	0.010638297872340425	TN
FBgn0263998	GO:0005524	4	643	0	0.0	FP
FBgn0004198	GO:0005524	63	643	7	0.009915014164305949	FN
FBgn0025723	GO:0003674	0	3150	0	0.0	FP
FBgn0060296	GO:0003674	3	3150	0	0.0	FN
FBgn0000810	GO:0008298	107	20	9	0.07086614173228346	FP
FBgn0031018	GO:0008298	41	20	0	0.0	FN
FBgn0266721	GO:0006886	30	142	9	0.05232558139534884	FP
FBgn0031068	GO:0006886	22	142	0	0.0	FN
FBgn0032006	GO:0008347	93	34	3	0.023622047244094488	FP
FBgn0035823	GO:0008347	99	34	2	0.015037593984962405	TN
FBgn0033679	GO:0008202	67	3	0	0.0	FP
FBgn0015277	GO:0008202	42	3	0	0.0	FN
FBgn0004240	GO:0009617	12	44	0	0.0	FP
FBgn0000376	GO:0009617	5	44	0	0.0	FN
FBgn0022382	GO:0045475	134	62	2	0.01020408163265306	FP
FBgn0031231	GO:0045475	21	62	0	0.0	FN
FBgn0010246	GO:0005938	124	100	6	0.026785714285714284	FP
FBgn0003867	GO:0005938	40	100	0	0.0	FN
FBgn0034247	GO:0016020	27	1524	13	0.008381689232753063	FP
FBgn0261064	GO:0016020	41	1524	4	0.0025559105431309905	FN
FBgn0035851	GO:0005515	41	958	18	0.018018018018018018	FP
FBgn0045073	GO:0005515	25	958	13	0.013224821973550356	TN
FBgn0030268	GO:0003777	13	28	1	0.024390243902439025	FP
FBgn0035001	GO:0003777	25	28	0	0.0	FN
FBgn0031068	GO:0042246	22	18	0	0.0	FP
FBgn0026317	GO:0042246	201	18	0	0.0	FN
FBgn0052672	GO:0035096	80	27	10	0.09345794392523364	FP
FBgn0000546	GO:0035096	71	27	0	0.0	FN
FBgn0010053	GO:0097176	5	3	0	0.0	FP
FBgn0262582	GO:0097176	27	3	0	0.0	FN
FBgn0021776	GO:0005938	16	100	10	0.08620689655172414	FP
FBgn0032452	GO:0005938	66	100	4	0.024096385542168676	TN
FBgn0000414	GO:0072583	14	15	0	0.0	FP
FBgn0016797	GO:0072583	94	15	0	0.0	FN
FBgn0262685	GO:0005267	2	13	0	0.0	FP
FBgn0020278	GO:0005267	29	13	0	0.0	FN
FBgn0266580	GO:0005643	297	37	0	0.0	FP
FBgn0260634	GO:0005643	51	37	1	0.011363636363636364	TN
FBgn0027572	GO:0003997	72	6	0	0.0	FP
FBgn0263111	GO:0003997	109	6	0	0.0	FN
FBgn0026778	GO:0005634	48	2250	13	0.005657093124456049	FP
FBgn0000052	GO:0005634	33	2250	15	0.006570302233902759	FN
FBgn0044811	GO:0002376	0	8	0	0.0	FP
FBgn0000183	GO:0002376	88	8	0	0.0	FN
FBgn0040505	GO:0061177	43	7	1	0.02	FP
FBgn0031550	GO:0061177	9	7	0	0.0	FN
FBgn0003751	GO:0007362	2	17	1	0.05263157894736842	FP
FBgn0264477	GO:0007362	0	17	0	0.0	FN
FBgn0011692	GO:0000916	129	12	0	0.0	FP
FBgn0037794	GO:0000916	28	12	0	0.0	FN
FBgn0050096	GO:0003674	0	3150	0	0.0	FP
FBgn0263112	GO:0003674	59	3150	2	0.0006232471174820816	FN
FBgn0003015	GO:0034504	85	4	0	0.0	FP
FBgn0004863	GO:0034504	72	4	1	0.013157894736842105	TN
FBgn0053845	GO:0031492	0	49	0	0.0	FP
FBgn0036449	GO:0031492	54	49	0	0.0	FN
FBgn0043022	GO:0005682	0	20	0	0.0	FP
FBgn0030828	GO:0005682	38	20	2	0.034482758620689655	TN
FBgn0004066	GO:0005839	260	26	24	0.08391608391608392	FP
FBgn0033129	GO:0005839	0	26	0	0.0	FN
FBgn0000198	GO:0007475	0	31	0	0.0	FP
FBgn0004110	GO:0007475	11	31	0	0.0	FN
FBgn0002709	GO:0006271	10	7	0	0.0	FP
FBgn0022333	GO:0006271	0	7	0	0.0	FN
FBgn0033774	GO:0006508	2	498	0	0.0	FP
FBgn0262081	GO:0006508	29	498	1	0.0018975332068311196	FN
FBgn0264493	GO:0007367	67	40	2	0.018691588785046728	FP
FBgn0036111	GO:0007367	36	40	0	0.0	FN
FBgn0086677	GO:0061176	3	9	1	0.08333333333333333	FP
FBgn0067102	GO:0061176	1	9	0	0.0	FN
FBgn0263197	GO:0051011	59	10	0	0.0	FP
FBgn0028939	GO:0051011	4	10	0	0.0	FN
FBgn0004644	GO:0035277	28	23	1	0.0196078431372549	FP
FBgn0262679	GO:0035277	0	23	0	0.0	FN
FBgn0263740	GO:0003743	9	51	1	0.016666666666666666	FP
FBgn0038632	GO:0003743	1	51	0	0.0	FN
FBgn0010355	GO:0017025	133	14	5	0.034013605442176874	FP
FBgn0040524	GO:0017025	2	14	0	0.0	FN
FBgn0035823	GO:0016281	99	12	4	0.036036036036036036	FP
FBgn0039283	GO:0016281	25	12	0	0.0	FN
FBgn0032487	GO:0000178	82	10	8	0.08695652173913043	FP
FBgn0011944	GO:0000178	0	10	0	0.0	FN
FBgn0053365	GO:0022626	0	175	0	0.0	FP
FBgn0034521	GO:0022626	2	175	0	0.0	FN
FBgn0283509	GO:0003824	6	204	0	0.0	FP
FBgn0003373	GO:0003824	0	204	0	0.0	FN
FBgn0030141	GO:0005802	40	43	1	0.012048192771084338	FP
FBgn0285896	GO:0005802	7	43	0	0.0	FN
FBgn0052069	GO:0006888	9	69	0	0.0	FP
FBgn0039180	GO:0006888	1	69	0	0.0	FN
FBgn0260945	GO:0046777	161	25	1	0.005376344086021506	FP
FBgn0026404	GO:0046777	24	25	0	0.0	FN
FBgn0036299	GO:0005576	36	499	0	0.0	FP
FBgn0041224	GO:0005576	1	499	0	0.0	FN
FBgn0003301	GO:0007623	10	45	1	0.01818181818181818	FP
FBgn0032596	GO:0007623	172	45	0	0.0	FN
FBgn0038385	GO:0035332	30	39	2	0.028985507246376812	FP
FBgn0036316	GO:0035332	58	39	0	0.0	FN
FBgn0004575	GO:0072553	25	14	1	0.02564102564102564	FP
FBgn0001079	GO:0072553	71	14	0	0.0	FN
FBgn0011224	GO:1990904	123	54	8	0.04519774011299435	FP
FBgn0010313	GO:1990904	16	54	0	0.0	FN
FBgn0032821	GO:0005096	11	85	0	0.0	FP
FBgn0035645	GO:0005096	56	85	0	0.0	FN
FBgn0033778	GO:0001761	57	1	0	0.0	FP
FBgn0250910	GO:0001761	3	1	0	0.0	FN
FBgn0259937	GO:0007281	174	52	3	0.01327433628318584	FP
FBgn0015838	GO:0007281	21	52	0	0.0	FN
FBgn0030318	GO:0000139	11	67	0	0.0	FP
FBgn0033136	GO:0000139	0	67	0	0.0	FN
FBgn0261387	GO:0035556	36	118	0	0.0	FP
FBgn0261618	GO:0035556	121	118	3	0.012552301255230125	TN
FBgn0031057	GO:0031593	215	10	4	0.017777777777777778	FP
FBgn0261854	GO:0031593	118	10	0	0.0	FN
FBgn0039153	GO:0070681	4	3	1	0.14285714285714285	TP
FBgn0028717	GO:0070681	17	3	0	0.0	FN
FBgn0015278	GO:0005543	106	38	2	0.013888888888888888	FP
FBgn0051528	GO:0005543	0	38	0	0.0	FN
FBgn0036828	GO:0046540	116	33	16	0.10738255033557047	TP
FBgn0020381	GO:0046540	139	33	1	0.005813953488372093	FN
FBgn0263396	GO:0000785	137	190	8	0.024464831804281346	FP
FBgn0005626	GO:0000785	39	190	1	0.004366812227074236	FN
FBgn0032256	GO:0003723	27	486	4	0.007797270955165692	FP
FBgn0038309	GO:0003723	45	486	3	0.005649717514124294	FN
FBgn0039927	GO:0060025	4	16	0	0.0	FP
FBgn0028550	GO:0060025	3	16	0	0.0	FN
FBgn0029501	GO:0005575	7	2646	1	0.0003769317753486619	FP
FBgn0039480	GO:0005575	0	2646	0	0.0	FN
FBgn0039907	GO:0006357	16	615	3	0.004754358161648178	FP
FBgn0266136	GO:0006357	11	615	0	0.0	FN
FBgn0038887	GO:0000339	79	11	8	0.08888888888888889	FP
FBgn0061492	GO:0000339	2	11	0	0.0	FN
FBgn0014396	GO:0005737	35	1863	21	0.011064278187565859	FP
FBgn0038595	GO:0005737	1	1863	0	0.0	FN
FBgn0267001	GO:0031594	10	96	3	0.02830188679245283	FP
FBgn0016675	GO:0031594	13	96	0	0.0	FN
FBgn0053348	GO:0007606	0	90	0	0.0	FP
FBgn0266438	GO:0007606	3	90	0	0.0	FN
FBgn0029898	GO:0055085	1	388	0	0.0	FP
FBgn0053909	GO:0055085	0	388	0	0.0	FN
FBgn0001098	GO:0046693	79	14	0	0.0	FP
FBgn0052185	GO:0046693	5	14	0	0.0	FN
FBgn0005777	GO:0004722	623	46	0	0.0	FP
FBgn0002413	GO:0004722	276	46	8	0.024844720496894408	TN
FBgn0262451	GO:0008284	10	49	0	0.0	FP
FBgn0000079	GO:0008284	2	49	0	0.0	FN
FBgn0000659	GO:0009653	28	24	0	0.0	FP
FBgn0030005	GO:0009653	2	24	0	0.0	FN
FBgn0011661	GO:0005737	230	1863	78	0.037267080745341616	FP
FBgn0035754	GO:0005737	110	1863	19	0.00963000506842372	FN
FBgn0015789	GO:0016192	135	141	15	0.05434782608695652	FP
FBgn0015296	GO:0016192	115	141	6	0.0234375	TN
FBgn0263655	GO:0003674	0	3150	0	0.0	FP
FBgn0041629	GO:0003674	18	3150	0	0.0	FN
FBgn0030310	GO:0042834	6	19	1	0.04	FP
FBgn0039050	GO:0042834	11	19	0	0.0	FN
FBgn0000376	GO:0003682	5	174	1	0.00558659217877095	FP
FBgn0052380	GO:0003682	7	174	0	0.0	FN
FBgn0284442	GO:0003677	10	610	4	0.0064516129032258064	FP
FBgn0030600	GO:0003677	24	610	2	0.0031545741324921135	FN
FBgn0040524	GO:0003998	2	6	0	0.0	FP
FBgn0023076	GO:0003998	52	6	0	0.0	FN
FBgn0044096	GO:0003674	0	3150	0	0.0	FP
FBgn0028429	GO:0003674	20	3150	0	0.0	FN
FBgn0034970	GO:0007298	123	107	12	0.05217391304347826	FP
FBgn0031655	GO:0007298	3	107	0	0.0	FN
FBgn0029714	GO:0019843	53	26	3	0.0379746835443038	FP
FBgn0032297	GO:0019843	22	26	0	0.0	FN
FBgn0036316	GO:0070837	58	1	0	0.0	FP
FBgn0040345	GO:0070837	111	1	0	0.0	FN
FBgn0266136	GO:0005886	11	1052	2	0.0018814675446848542	FP
FBgn0002576	GO:0005886	58	1052	6	0.005405405405405406	FN
FBgn0053286	GO:0048487	3	9	0	0.0	FP
FBgn0024227	GO:0048487	20	9	0	0.0	FN
FBgn0016042	GO:0007140	0	32	0	0.0	FP
FBgn0031544	GO:0007140	23	32	0	0.0	FN
FBgn0051155	GO:0006352	53	22	1	0.013333333333333334	FP
FBgn0010350	GO:0006352	24	22	0	0.0	FN
FBgn0038385	GO:0016567	30	129	4	0.025157232704402517	FP
FBgn0053804	GO:0016567	0	129	0	0.0	FN
FBgn0004921	GO:0007391	48	104	1	0.006578947368421052	FP
FBgn0003137	GO:0007391	31	104	0	0.0	FN
FBgn0036397	GO:0061700	12	6	2	0.1111111111111111	TP
FBgn0039044	GO:0061700	207	6	1	0.004694835680751174	FN
FBgn0028427	GO:0005515	109	958	24	0.022492970946579195	FP
FBgn0267790	GO:0005515	145	958	39	0.03535811423390753	TN
FBgn0035152	GO:0003674	8	3150	0	0.0	FP
FBgn0033121	GO:0003674	131	3150	0	0.0	FN
FBgn0066367	GO:0003674	0	3150	0	0.0	FP
FBgn0053554	GO:0003674	113	3150	1	0.00030646644192460924	FN
FBgn0026404	GO:0005634	24	2250	7	0.0030782761653474055	FP
FBgn0041781	GO:0005634	61	2250	11	0.004759844223279966	FN
FBgn0261854	GO:0000132	118	22	2	0.014285714285714285	FP
FBgn0015279	GO:0000132	90	22	1	0.008928571428571428	FN
FBgn0041721	GO:0000348	1	8	0	0.0	FP
FBgn0262455	GO:0000348	1	8	0	0.0	FN
FBgn0060296	GO:0034704	3	2	0	0.0	FP
FBgn0035331	GO:0034704	2	2	0	0.0	FN
FBgn0000079	GO:0005576	2	499	1	0.001996007984031936	FP
FBgn0264750	GO:0005576	2	499	0	0.0	FN
FBgn0000547	GO:0045680	96	1	0	0.0	FP
FBgn0030904	GO:0045680	4	1	0	0.0	FN
FBgn0036925	GO:0003674	3	3150	0	0.0	FP
FBgn0053897	GO:0003674	0	3150	0	0.0	FN
FBgn0034237	GO:0005852	138	16	14	0.09090909090909091	FP
FBgn0262396	GO:0005852	0	16	0	0.0	FN
FBgn0035850	GO:0044804	66	6	2	0.027777777777777776	FP
FBgn0002914	GO:0044804	101	6	0	0.0	FN
FBgn0033136	GO:0016020	0	1524	0	0.0	FP
FBgn0259113	GO:0016020	68	1524	3	0.0018844221105527637	FN
FBgn0260780	GO:0005737	62	1863	15	0.007792207792207792	FP
FBgn0027287	GO:0005737	14	1863	8	0.004262120404901438	FN
FBgn0028639	GO:0005703	0	50	0	0.0	FP
FBgn0011692	GO:0005703	129	50	2	0.0111731843575419	TN
FBgn0052062	GO:0007399	61	88	1	0.006711409395973154	FP
FBgn0053243	GO:0007399	0	88	0	0.0	FN
FBgn0037363	GO:0009267	33	65	6	0.061224489795918366	FP
FBgn0033252	GO:0009267	68	65	1	0.007518796992481203	FN
FBgn0030286	GO:0016192	12	141	2	0.013071895424836602	FP
FBgn0037976	GO:0016192	3	141	0	0.0	FN
FBgn0020261	GO:1990124	123	19	4	0.028169014084507043	FP
FBgn0003687	GO:1990124	208	19	0	0.0	FN
FBgn0001202	GO:0005768	54	80	2	0.014925373134328358	FP
FBgn0052672	GO:0005768	80	80	3	0.01875	TN
FBgn0030746	GO:0140326	3	6	0	0.0	FP
FBgn0016042	GO:0140326	0	6	0	0.0	FN
FBgn0033942	GO:0019953	12	220	1	0.004310344827586207	FP
FBgn0001098	GO:0019953	79	220	0	0.0	FN
FBgn0263697	GO:0019781	16	2	1	0.05555555555555555	FP
FBgn0038916	GO:0019781	11	2	0	0.0	FN
FBgn0085638	GO:0016491	0	215	0	0.0	FP
FBgn0029778	GO:0016491	31	215	0	0.0	FN
FBgn0053243	GO:0019887	0	26	0	0.0	FP
FBgn0014366	GO:0019887	123	26	0	0.0	FN
FBgn0082939	GO:0005730	0	301	0	0.0	FP
FBgn0039214	GO:0005730	19	301	1	0.003125	FN
FBgn0010350	GO:0007602	24	48	0	0.0	FP
FBgn0033649	GO:0007602	1	48	0	0.0	FN
FBgn0036617	GO:0062129	63	134	3	0.015228426395939087	FP
FBgn0003256	GO:0062129	381	134	1	0.001941747572815534	FN
FBgn0015929	GO:0042555	99	7	5	0.04716981132075472	FP
FBgn0039734	GO:0042555	68	7	0	0.0	FN
FBgn0259970	GO:0019953	0	220	0	0.0	FP
FBgn0037116	GO:0019953	14	220	0	0.0	FN
FBgn0266137	GO:1903351	11	3	0	0.0	FP
FBgn0086253	GO:1903351	31	3	0	0.0	FN
FBgn0267327	GO:0005615	0	685	0	0.0	FP
FBgn0260945	GO:0005615	161	685	4	0.004728132387706856	FN
